ça	276	280	272	0.08244999999999969	65	74	54	pA_B
va	332	406	239	0.2238799999999994	75	79	69	pA_L
								
ouais	119	130	103	0.28260999999999825	69	77	59	pA_U
tu	144	182	128	0.3033399999999986	69	77	63	pA_B
veux	121	128	115	0.21860000000000035	76	78	67	pA_I
que	128	139	124	0.14390000000000036	71	78	63	pA_I
je	125	129	120	0.0904000000000007	67	72	63	pA_I
te	124	131	118	0.2068999999999992	72	77	61	pA_I
fasse	111	112	111	0.35909999999999975	72	80	63	pA_I
euh	114	118	109	0.23140000000000072	70	76	62	pA_I
un	120	121	119	0.12780000000000058	70	75	59	pA_I
coca	163	205	120	0.25539999999999985	74	79	67	pA_I
ou	196	207	172	0.1277000000000008	74	77	68	pA_I
quoi	152	182	148	0.2554999999999996	67	74	56	pA_L
								
ouais	221	240	207	0.22710000000000008	71	78	60	pA_B
tu	234	244	219	0.17570000000000086	59	63	52	pA_I
peux	217	228	212	0.2699999999999996	61	70	51	pA_L
								
on	NA	NA	NA	0.0777000000000001	61	64	55	pA_B
fait	149	158	142	0.15530000000000044	72	77	65	pA_I
quoi	187	191	184	0.08939999999999948	80	84	75	pA_I
on	189	191	186	0.06050000000000111	81	83	81	pA_I
attaque	172	187	169	0.2858999999999998	73	79	66	pA_I
les	153	164	145	0.11619999999999919	75	79	69	pA_I
pizzas	181	218	102	0.30240000000000045	75	82	67	pA_L
								
ben	201	213	191	0.26120000000000054	72	76	70	pA_B
ouais	201	220	192	0.1014999999999997	72	73	70	pA_I
on	219	226	213	0.054700000000000415	71	72	69	pA_I
va	224	227	220	0.1404999999999994	65	67	62	pA_I
peut	217	235	207	0.08980000000000032	66	69	60	pA_I
être	139	215	83	0.13269999999999982	67	69	63	pA_I
s'	214	224	200	0.10350000000000037	66	72	63	pA_I
y	214	224	200	0.10350000000000037	66	72	63	pA_I
mettre	149	224	120	0.17759999999999998	74	77	71	pA_I
hein	136	226	108	0.15249999999999986	65	69	60	pA_L
								
enfin	121	127	114	0.21160000000000068	66	70	58	pA_B
attends	173	238	116	0.2585999999999977	70	75	64	pA_I
sors	148	154	144	0.18540000000000134	70	73	65	pA_I
les	147	155	142	0.14849999999999852	72	74	64	pA_I
pizzas	154	164	142	0.25390000000000157	65	69	59	pA_I
moi	129	142	122	0.09140000000000015	69	71	66	pA_I
je	121	126	118	0.12020000000000053	64	67	63	pA_I
m'	181	242	116	0.17849999999999966	67	76	57	pA_I
occupe	181	242	116	0.17849999999999966	67	76	57	pA_I
du	83	83	83	0.11120000000000019	79	83	72	pA_I
coca	NA	NA	NA	0.30269999999999797	69	76	60	pA_L
								
ok	210	215	202	0.3348000000000013	61	67	55	pA_U
donc	142	215	97	0.3600999999999992	60	64	55	pA_B
ça	214	249	83	1.103900000000003	58	66	52	pA_L
ça	220	236	204	1.0559000000000012	59	68	48	pA_U
								
euh	124	135	119	0.39290000000000447	78	81	76	pA_B
en	120	126	119	0.11519999999999442	76	79	71	pA_I
fait	173	201	158	0.33080000000000354	74	83	66	pA_I
je	336	352	315	0.0975000000000037	73	77	70	pA_I
suis	348	373	326	0.1950999999999965	73	77	70	pA_I
en	NA	NA	NA	0.0975000000000037	71	73	68	pA_I
train	137	143	132	0.12950000000000017	75	81	69	pA_I
de	127	137	115	0.1150999999999982	75	80	73	pA_I
voir	144	147	140	0.29189999999999827	73	82	66	pA_L
								
hein	279	407	213	0.33429999999999893	70	77	57	pA_U
								
et	138	143	126	0.3242000000000047	75	82	61	pA_B
ta	117	143	113	0.41959999999999553	80	83	72	pA_I
chèvre	173	194	132	0.5504999999999996	75	83	54	pA_I
euh	131	134	126	0.6928999999999945	78	80	77	pA_I
champignons	156	181	128	0.7496000000000009	77	81	72	pA_I
euh	121	122	120	0.11700000000000443	80	81	79	pA_I
jambon	153	346	84	0.4801999999999964	79	84	72	pA_I
c'	363	520	167	0.390900000000002	78	85	74	pA_I
était	363	520	167	0.390900000000002	78	85	74	pA_I
là	216	356	146	0.16109999999999758	78	81	75	pA_I
dessus	176	224	155	0.32209999999999894	72	78	68	pA_I
que	256	282	224	0.11160000000000281	72	75	69	pA_I
tu	302	316	282	0.07220000000000226	77	78	76	pA_I
l'	171	178	163	0.3083999999999989	80	84	75	pA_I
avais	171	178	163	0.3083999999999989	80	84	75	pA_I
vue	203	216	177	0.2594999999999956	76	82	67	pA_L
								
non	248	374	210	0.3924000000000021	75	82	66	pA_B
je	143	145	142	0.09960000000000235	62	65	59	pA_I
sais	219	232	210	0.15030000000000143	66	73	58	pA_I
pas	223	252	208	0.25369999999999493	72	77	64	pA_I
j'	230	240	220	0.13940000000000197	69	72	67	pA_I
ai	230	240	220	0.13940000000000197	69	72	67	pA_I
mis	210	220	204	0.12219999999999942	70	71	64	pA_I
ça	199	208	194	0.20139999999999958	68	74	61	pA_I
comme	193	197	191	0.1460000000000008	66	69	64	pA_I
ça	238	266	191	0.30700000000000216	64	69	58	pA_L
je	223	224	222	0.10069999999999624	73	79	68	pA_B
me	220	223	219	0.10060000000000002	70	77	64	pA_I
suis	212	222	202	0.1448000000000036	65	69	61	pA_I
dit	229	259	204	0.1133000000000024	68	70	66	pA_I
que	241	246	238	0.05069999999999908	65	67	62	pA_I
ça	225	231	219	0.19519999999999982	72	81	61	pA_I
pourrait	249	256	247	0.23809999999999576	75	79	72	pA_I
être	254	256	251	0.10930000000000462	70	77	64	pA_I
sympa	239	262	216	0.42949999999999733	69	76	61	pA_I
à	255	261	240	0.09559999999999747	73	75	71	pA_I
manger	211	240	111	0.4356000000000009	72	78	63	pA_L
								
ouais	182	185	178	0.4285999999999959	63	68	56	pA_U
								
ben	197	222	190	0.2542000000000044	64	69	53	pA_B
quoi	177	294	111	0.33899999999999864	71	78	62	pA_L
								
non	129	137	77	0.13419999999999987	76	80	70	pA_B
rien	129	137	122	0.25739999999999696	73	80	66	pA_I
tu	120	126	113	0.08400000000000318	67	70	65	pA_I
me	111	114	108	0.07800000000000296	69	71	69	pA_I
fais	110	114	99	0.11730000000000018	70	73	67	pA_I
rire	112	116	104	0.17889999999999873	71	75	68	pA_I
c'	109	114	102	0.22359999999999758	71	77	64	pA_I
est	109	114	102	0.22359999999999758	71	77	64	pA_I
tout	114	118	107	0.17889999999999873	66	71	58	pA_L
								
et	206	214	199	0.18010000000000304	55	63	48	pA_B
puis	214	225	197	0.22889999999999588	60	66	56	pA_I
l'	249	276	211	0.3669000000000011	68	73	59	pA_I
autre	249	276	211	0.3669000000000011	68	73	59	pA_I
c'	268	281	248	0.8451999999999984	69	73	58	pA_I
est	268	281	248	0.8451999999999984	69	73	58	pA_I
euh	243	253	234	0.6051000000000002	68	71	64	pA_I
viande	226	236	217	0.27710000000000434	73	78	66	pA_I
hachée	248	282	216	0.46879999999999455	68	75	62	pA_I
donc	269	302	222	0.6585000000000036	71	79	59	pA_I
euh	281	284	277	0.49389999999999645	66	69	61	pA_I
chorizo	267	289	232	0.7944999999999993	69	75	62	pA_I
et	219	238	215	0.6872000000000043	69	73	56	pA_I
ouais	196	203	194	0.22699999999999676	62	68	54	pA_I
non	204	206	199	0.25440000000000396	64	68	61	pA_I
les	196	203	191	0.15220000000000056	60	63	53	pA_I
poivrons	194	199	191	0.22909999999999542	58	63	52	pA_I
on	207	210	205	0.13210000000000122	61	64	56	pA_I
les	202	209	188	0.09490000000000265	65	68	61	pA_I
mets	181	188	179	0.1816999999999993	67	71	63	pA_I
avec	186	190	182	0.1816000000000031	61	65	53	pA_I
l'	241	244	238	0.3177999999999983	57	68	48	pA_I
autre	241	244	238	0.3177999999999983	57	68	48	pA_L
								
avec	120	126	114	0.245900000000006	71	81	61	pA_B
le	110	122	82	0.2635999999999967	78	82	74	pA_I
chèvre	191	196	182	0.4170000000000016	75	81	68	pA_L
								
ouais	214	222	208	0.3738000000000028	75	84	64	pA_U
								
ouais	130	145	98	0.2611000000000132	76	82	65	pA_U
euh	111	117	108	0.6903999999999968	75	79	60	pA_B
allumettes	122	124	115	0.2920000000000016	74	76	68	pA_I
de	114	117	112	0.1424999999999983	74	75	72	pA_I
lardons	117	127	113	0.2808000000000135	75	82	68	pA_I
tu	NA	NA	NA	0.07529999999999859	63	65	61	pA_I
en	108	111	106	0.07529999999999859	70	72	68	pA_I
as	109	111	102	0.07519999999999527	65	69	63	pA_I
pas	111	112	109	0.11299999999999955	67	69	64	pA_I
besoin	166	175	111	0.22580000000000666	61	67	51	pA_L
								
non	278	331	230	0.33490000000000464	66	75	46	pA_U
								
ah	NA	NA	NA	0.36599999999999966	62	68	50	pA_U
								
je	NA	NA	NA	0.07580000000000098	51	53	48	pA_B
sais	NA	NA	NA	0.08780000000000143	51	53	49	pA_I
pas	248	254	243	0.1267999999999887	68	71	62	pA_I
c'	253	260	246	0.11720000000001107	61	65	58	pA_I
est	253	260	246	0.11720000000001107	61	65	58	pA_I
comme	194	229	184	0.1384999999999934	65	68	60	pA_I
tu	186	187	186	0.12109999999999843	56	60	53	pA_I
veux	245	259	228	0.154200000000003	66	70	60	pA_I
hein	265	280	248	0.27840000000000487	63	69	54	pA_L
								
non	131	145	122	0.15289999999998827	70	75	63	pA_B
non	169	177	140	0.2820000000000107	69	74	55	pA_L
								
euh	122	126	108	0.6940000000000026	78	82	72	pA_B
je	125	125	124	0.13469999999999516	70	72	67	pA_I
vais	125	126	124	0.08200000000000784	71	75	67	pA_I
déjà	158	213	124	0.1834999999999951	77	81	73	pA_I
m'	137	139	135	0.3533000000000044	76	83	72	pA_I
occuper	137	139	135	0.3533000000000044	76	83	72	pA_I
de	NA	NA	NA	0.06829999999999359	79	80	79	pA_I
la	216	221	213	0.1424999999999983	78	81	74	pA_I
pâte	221	251	182	0.5226000000000113	76	80	73	pA_L
								
hein	270	298	251	0.28759999999999764	69	78	57	pA_U
								
je	117	130	114	0.12319999999999709	61	68	59	pA_B
vais	113	114	113	0.10429999999999495	71	73	70	pA_I
déjà	151	181	112	0.19120000000000914	69	74	63	pA_I
m'	175	218	155	0.4035999999999973	65	74	51	pA_I
occuper	175	218	155	0.4035999999999973	65	74	51	pA_I
de	211	215	207	0.0858999999999952	69	71	67	pA_I
la	144	145	143	0.16200000000000614	64	68	58	pA_I
pâte	133	152	108	0.5930000000000035	65	71	54	pA_L
								
ouais	216	228	208	0.37519999999999243	69	75	59	pA_U
ça	229	233	223	0.18019999999999925	64	68	61	pA_B
c'	210	225	200	0.2260999999999882	67	72	63	pA_I
est	210	225	200	0.2260999999999882	67	72	63	pA_I
ton	251	273	204	0.2342000000000013	71	77	61	pA_I
job	226	259	186	0.5305000000000035	69	76	63	pA_L
								
yes	123	216	94	0.5814000000000021	66	73	59	pA_U
								
ouais	219	270	199	0.4410000000000025	67	75	55	pA_U
je	NA	NA	NA	0.08490000000000464	74	78	71	pA_B
suis	NA	NA	NA	0.20489999999999498	70	79	65	pA_I
claquée	225	249	215	0.6975000000000051	70	80	60	pA_L
								
ouais	128	141	118	0.3470000000000084	68	74	55	pA_U
dur	125	132	117	0.25670000000000925	69	77	65	pA_B
week	134	180	119	0.29110000000000014	73	77	68	pA_I
end	145	227	92	0.39350000000000307	71	76	60	pA_L
								
ben	184	202	173	0.2249000000000052	59	63	57	pA_B
ouais	190	206	173	0.19350000000000023	63	68	57	pA_I
enfin	185	188	180	0.12372381134497346	69	71	67	pA_I
en	183	183	182	0.07686290547664498	63	68	59	pA_I
plus	208	220	193	0.18961328317837456	60	63	57	pA_I
avec	190	217	181	0.16200000000000614	66	69	61	pA_I
les	185	196	176	0.10970000000000368	62	65	59	pA_I
émotions	190	221	178	0.3259999999999934	66	69	59	pA_I
avec	200	209	193	0.132000000000005	67	70	60	pA_I
ta	177	203	169	0.2289999999999992	64	69	58	pA_I
maman	183	231	167	0.527000000000001	66	71	60	pA_L
								
c'	153	160	149	0.38299999999999557	67	73	60	pA_B
est	153	160	149	0.38299999999999557	67	73	60	pA_I
vraiment	272	288	149	0.6119999999999948	71	83	64	pA_L
								
ah	242	251	236	0.1460000000000008	67	72	52	pA_B
non	258	278	239	0.16600000000001103	79	81	74	pA_I
mais	182	262	115	0.11599999999999966	79	79	77	pA_I
je	115	116	115	0.09499999999999886	78	79	76	pA_I
vais	230	231	228	0.14238103972482463	71	77	65	pA_I
je	NA	NA	NA	0.12185582575565945	77	81	67	pA_I
vais	266	267	265	0.1357631345195074	76	78	73	pA_I
te	NA	NA	NA	0.09199999999999875	78	81	76	pA_I
la	273	274	272	0.12700000000000955	77	78	76	pA_I
ressortir	287	300	268	0.6340000000000003	73	79	66	pA_I
plusieurs	263	275	251	0.4309999999999974	73	77	65	pA_I
fois	256	267	250	0.25799999999999557	67	72	59	pA_I
je	174	252	111	0.18200000000000216	70	74	67	pA_I
pense	116	120	108	0.32099999999999795	75	84	69	pA_L
tu	224	232	207	0.14800000000001035	68	77	59	pA_B
vas	209	211	203	0.18099999999999739	76	80	70	pA_I
y	213	216	210	0.11399999999999011	76	80	74	pA_I
avoir	204	217	193	0.3689999999999998	70	74	63	pA_I
droit	192	205	185	0.37000000000000455	64	68	55	pA_L
								
pourquoi	139	142	136	0.18200000000000216	59	68	53	pA_B
ça	127	141	116	0.16200000000000614	67	71	63	pA_I
pète	157	215	115	0.2189999999999941	65	73	56	pA_I
pas	121	122	120	0.3020000000000067	64	74	55	pA_I
putain	130	131	130	0.29999999999999716	60	65	49	pA_L
								
alors	219	224	205	1.063999999999993	54	64	46	pA_U
								
ça	NA	NA	NA	0.17300000000000182	59	61	55	pA_B
va	NA	NA	NA	0.14799999999999613	63	65	61	pA_I
péter	276	336	170	0.3400000000000034	68	82	58	pA_I
d'	174	315	133	0.22800000000000864	76	79	69	pA_I
un	174	315	133	0.22800000000000864	76	79	69	pA_I
coup	159	172	136	0.2749999999999915	67	73	60	pA_I
tu	177	205	145	0.06499999999999773	63	64	61	pA_I
sais	139	199	129	0.2259999999999991	58	66	51	pA_L
								
hein	306	360	256	0.3059999999999974	66	76	49	pA_U
								
putain	NA	NA	NA	0.4029999999999916	54	57	50	pA_B
ça	NA	NA	NA	0.13399999999998613	55	56	54	pA_I
pète	NA	NA	NA	0.2680000000000007	56	68	49	pA_I
pas	NA	NA	NA	0.20199999999999818	60	70	52	pA_L
								
hé	222	230	217	0.22500000000002274	69	80	52	pA_B
en	232	233	230	0.10999999999998522	76	78	72	pA_I
fous	231	235	221	0.1839999999999975	67	71	63	pA_I
pas	237	256	210	0.19499999999999318	68	75	62	pA_I
partout	269	320	242	0.4550000000000125	63	73	52	pA_I
hein	246	268	237	0.2599999999999909	63	73	51	pA_L
								
non	222	232	215	0.3130000000000166	66	81	50	pA_B
mais	207	223	177	0.15000000000000568	75	79	70	pA_I
ça	NA	NA	NA	0.2109999999999843	74	78	71	pA_I
pète	130	133	128	0.2189999999999941	69	75	61	pA_I
pas	151	156	149	0.13800000000000523	75	79	65	pA_I
d'	131	150	115	0.35300000000000864	73	78	67	pA_I
habitude	131	150	115	0.35300000000000864	73	78	67	pA_I
ça	122	123	119	0.22299999999998477	73	79	63	pA_I
pète	127	134	118	0.27899999999999636	66	72	55	pA_I
tu	112	116	109	0.11800000000002342	64	68	57	pA_I
sais	115	120	109	0.23599999999999	68	74	57	pA_L
								
euh	201	205	198	0.3650000000000091	60	63	48	pA_B
ça	221	223	219	0.3100000000000023	64	80	54	pA_I
ça	196	202	183	0.22099999999997522	68	71	65	pA_I
va	199	296	94	0.09200000000001296	73	75	72	pA_I
avec	109	199	85	0.532999999999987	63	76	56	pA_I
celle	209	266	198	0.5650000000000262	67	81	60	pA_I
là	210	213	205	0.21999999999999886	66	77	64	pA_L
								
voilà	483	654	171	0.5379999999999825	74	87	61	pA_U
								
ben	168	172	165	0.2120000000000175	65	68	61	pA_B
voilà	259	293	165	0.42499999999998295	68	75	57	pA_L
								
j'	111	115	109	0.18700000000001182	70	73	68	pA_B
ai	111	115	109	0.18700000000001182	70	73	68	pA_I
pas	116	117	116	0.10699999999999932	71	77	65	pA_I
assez	113	118	107	0.2539999999999907	70	76	67	pA_I
tiré	128	233	111	0.4089999999999918	70	81	60	pA_L
								
ben	192	197	188	0.30400000000000205	73	79	64	pA_B
voilà	247	292	193	0.4759999999999991	73	77	65	pA_I
tu	280	293	228	0.13599999999999568	63	64	60	pA_I
vois	265	283	225	0.23900000000000432	70	75	65	pA_I
que	288	306	276	0.06399999999999295	66	72	63	pA_I
tu	278	293	269	0.08800000000002228	75	76	74	pA_I
arrives	258	277	205	0.556999999999988	73	76	66	pA_L
								
ben	117	121	114	0.27000000000001023	74	77	68	pA_B
oui	117	118	116	0.2709999999999866	73	81	63	pA_L
mais	126	129	124	0.0619999999999834	73	77	67	pA_B
en	132	134	129	0.06900000000001683	78	79	76	pA_I
fait	239	264	132	0.1699999999999875	76	79	72	pA_I
moi	241	254	238	0.12800000000001432	76	78	73	pA_I
je	NA	NA	NA	0.0589999999999975	74	76	72	pA_I
suis	133	138	129	0.09000000000000341	73	74	71	pA_I
content	214	250	157	0.22999999999998977	76	80	69	pA_I
de	245	250	241	0.09000000000000341	72	73	71	pA_I
pas	236	248	227	0.05500000000000682	77	78	76	pA_I
avoir	144	146	141	0.14399999999997704	78	80	77	pA_I
jeté	141	144	133	0.2400000000000091	73	76	70	pA_I
la	137	140	135	0.13700000000000045	78	81	75	pA_I
petite	135	141	130	0.20900000000000318	69	75	64	pA_I
poubelle	155	164	134	0.4410000000000025	75	86	63	pA_I
c'	NA	NA	NA	0.19599999999999795	76	79	73	pA_I
est	NA	NA	NA	0.19599999999999795	76	79	73	pA_I
bien	200	208	180	0.1529999999999916	77	80	72	pA_I
pour	196	210	171	0.15200000000001523	74	77	69	pA_I
mettre	150	151	149	0.22799999999998022	71	75	62	pA_L
								
ah	139	142	137	0.05500000000000682	72	76	69	pA_B
ouais	131	137	121	0.13700000000000045	78	79	77	pA_I
elle	122	127	121	0.10900000000000887	77	78	75	pA_I
est	122	128	118	0.08199999999999363	75	76	74	pA_I
pratique	224	256	118	0.6570000000000107	63	72	56	pA_L
ça	206	208	203	0.23200000000002774	58	64	51	pA_B
fait	204	211	200	0.14399999999997704	63	69	58	pA_I
moins	200	202	198	0.13300000000000978	67	68	66	pA_I
de	201	202	200	0.06999999999999318	68	68	67	pA_I
bordel	194	203	187	0.5450000000000159	67	71	64	pA_L
								
ouais	116	123	112	0.24199999999999022	69	76	61	pA_U
								
ça	223	225	222	0.18000000000000682	65	66	63	pA_B
fait	215	228	205	0.13999999999998636	66	68	64	pA_I
moins	223	226	215	0.17199999999999704	77	84	66	pA_I
chicouille	224	242	97	0.6290000000000191	68	76	60	pA_L
								
mieux	154	187	111	0.1349999999999909	71	75	66	pA_B
ça	146	180	129	0.24899999999999523	66	70	60	pA_L
								
tu	NA	NA	NA	0.11299999999999955	63	63	62	pA_B
te	200	208	188	0.11299999999999955	65	68	62	pA_I
dépêches	241	284	201	0.4509999999999934	68	73	61	pA_L
								
c'	132	136	126	0.17199999999999704	69	73	67	pA_B
est	132	136	126	0.17199999999999704	69	73	67	pA_I
ça	113	134	103	0.3710000000000093	71	75	68	pA_I
ouais	105	109	102	0.25799999999998136	64	71	57	pA_L
								
ben	201	214	193	0.30000000000001137	68	74	55	pA_B
ouais	195	204	189	0.20199999999999818	66	68	63	pA_I
hein	198	205	184	0.2510000000000048	64	68	58	pA_L
								
même	118	124	113	0.24399999999999977	65	74	51	pA_B
pas	122	129	113	0.2009999999999934	68	72	64	pA_I
chiche	120	130	114	0.32800000000000296	66	69	63	pA_I
hein	116	135	110	0.13700000000000045	67	70	63	pA_L
								
c'	210	218	202	0.18300000000002115	68	73	63	pA_B
est	210	218	202	0.18300000000002115	68	73	63	pA_I
moi	202	211	197	0.21199999999998909	71	73	69	pA_I
qui	220	241	207	0.14799999999999613	66	69	62	pA_I
commande	178	246	108	0.4970000000000141	72	76	63	pA_L
								
ma	116	120	111	0.07800000000000296	72	74	72	pA_B
mère	110	113	107	0.15799999999998704	73	74	71	pA_I
elle	113	116	107	0.1570000000000107	73	75	72	pA_I
te	109	114	99	0.07899999999997931	70	71	68	pA_I
branche	117	128	108	0.1839999999999975	68	72	61	pA_I
pour	120	127	112	0.09200000000001296	69	74	60	pA_I
avoir	111	112	110	0.13100000000000023	75	77	74	pA_I
un	110	111	109	0.08699999999998909	71	74	66	pA_I
petit	117	131	109	0.17600000000001614	67	71	65	pA_I
fils	139	150	123	0.25199999999998113	61	63	58	pA_I
et	133	135	131	0.125	63	67	57	pA_I
puis	122	140	108	0.10900000000000887	62	66	56	pA_I
ça	113	120	108	0.14099999999999113	61	66	57	pA_I
y	123	125	120	0.05200000000002092	67	68	65	pA_I
est	125	126	123	0.046999999999997044	62	64	60	pA_I
tu	124	129	115	0.11299999999999955	61	63	60	pA_I
me	112	115	111	0.09799999999998477	60	61	58	pA_I
ch-	112	112	112	0.12700000000000955	58	59	56	pA_I
tu	108	109	108	0.09600000000000364	58	60	56	pA_I
veux	109	119	101	0.1150000000000091	63	65	61	pA_I
me	110	111	106	0.09499999999999886	62	64	59	pA_I
trancher	153	227	102	0.18799999999998818	62	65	59	pA_I
la	105	108	102	0.09499999999999886	69	69	68	pA_I
gorge	122	131	107	0.39400000000000546	61	68	49	pA_L
								
ouais	185	192	182	0.492999999999995	56	62	50	pA_U
non	195	195	193	0.14999999999997726	64	66	63	pA_B
mais	182	194	174	0.1980000000000075	65	68	62	pA_I
hier	188	196	179	0.13900000000001	66	67	63	pA_I
c'	169	193	159	0.25899999999998613	62	67	57	pA_I
était	169	193	159	0.25899999999998613	62	67	57	pA_I
abusé	163	170	155	0.39799999999999613	60	64	56	pA_L
								
ouais	108	115	106	0.1670000000000016	74	77	58	pA_B
mais	108	113	104	0.13300000000000978	73	75	68	pA_I
je	95	99	92	0.14500000000001023	66	69	65	pA_I
sais	113	120	95	0.24199999999999022	65	69	59	pA_I
qu'	110	114	109	0.09000000000000341	60	64	57	pA_I
est	110	114	109	0.09000000000000341	60	64	57	pA_I
ce	109	110	109	0.055999999999983174	65	65	64	pA_I
que	NA	NA	NA	0.06700000000000728	71	78	63	pA_I
tu	NA	NA	NA	0.0660000000000025	75	78	73	pA_I
veux	NA	NA	NA	0.046999999999997044	70	71	69	pA_I
que	NA	NA	NA	0.07400000000001228	66	69	64	pA_I
je	NA	NA	NA	0.07800000000000296	62	64	60	pA_I
te	NA	NA	NA	0.09799999999998477	64	66	59	pA_I
dise	NA	NA	NA	0.20300000000000296	61	63	59	pA_L
								
mais	216	232	202	0.28300000000001546	67	71	58	pA_B
comme	240	260	198	0.2599999999999909	75	79	66	pA_I
dit	290	308	260	0.20900000000000318	74	75	70	pA_I
l'	258	278	216	0.3719999999999857	72	75	68	pA_I
idée	258	278	216	0.3719999999999857	72	75	68	pA_I
de	236	274	224	0.7130000000000223	73	76	67	pA_I
lui	229	233	223	0.125	70	74	68	pA_I
balancer	258	314	218	0.7013894457675747	73	78	64	pA_I
bon	349	385	295	0.18599999999997863	70	78	49	pA_I
ben	340	385	326	0.16200000000000614	79	82	73	pA_I
ayé	349	372	323	0.5423006380988511	76	82	67	pA_I
c'	288	318	252	0.28899999999998727	65	76	53	pA_I
est	288	318	252	0.28899999999998727	65	76	53	pA_I
fait	322	343	288	0.4310000000000116	69	78	55	pA_L
								
quoi	136	155	133	0.30400000000000205	71	80	58	pA_U
								
ben	212	223	205	0.21399999999999864	69	75	49	pA_B
tu	217	220	213	0.07500000000001705	70	70	68	pA_I
sais	265	289	208	0.24199999999999022	76	81	67	pA_I
tu	271	279	248	0.0589999999999975	74	76	73	pA_I
arrives	227	248	221	0.271000000000015	74	79	71	pA_I
chez	242	249	215	0.18299999999999272	71	81	63	pA_I
eux	139	142	136	0.2740000000000009	78	81	73	pA_I
ayé	366	430	194	0.4310000000000116	78	82	72	pA_I
il	349	392	307	0.1599999999999966	79	80	76	pA_I
est	370	390	341	0.11899999999999977	78	82	76	pA_I
là	359	386	345	0.46599999999997976	78	82	75	pA_L
c'	240	289	172	0.3089999999999975	71	78	59	pA_B
est	240	289	172	0.3089999999999975	71	78	59	pA_I
bon	293	301	287	0.546999999999997	74	79	62	pA_L
								
ouais	133	297	112	0.3509999999999991	71	76	61	pA_B
ouais	110	117	106	0.35200000000000387	64	75	54	pA_L
là	127	133	123	0.09700000000000841	65	74	48	pA_B
où	139	143	133	0.09800000000001319	77	79	74	pA_I
je	139	142	137	0.09799999999998477	69	75	62	pA_I
crois	213	452	126	0.15500000000000114	69	74	61	pA_I
qu'	125	139	112	0.12700000000000955	68	72	64	pA_I
ils	125	139	112	0.12700000000000955	68	72	64	pA_I
vont	111	114	108	0.103999999999985	71	74	68	pA_I
vraiment	125	140	108	0.2400000000000091	72	75	68	pA_I
m'	132	138	126	0.47399999999998954	74	78	71	pA_I
emmerder	132	138	126	0.47399999999998954	74	78	71	pA_I
c'	126	137	108	0.2230000000000132	68	72	63	pA_I
est	126	137	108	0.2230000000000132	68	72	63	pA_I
euh	106	108	103	0.30000000000001137	69	71	64	pA_I
sur	105	111	102	0.27899999999999636	63	70	58	pA_I
euh	103	106	101	0.39399999999997704	69	76	58	pA_I
les	115	121	111	0.521000000000015	77	81	71	pA_I
s-	108	112	104	0.19099999999997408	69	73	67	pA_I
les	113	114	113	0.2050000000000125	74	79	68	pA_I
t-	NA	NA	NA	0.16200000000000614	71	74	69	pA_I
les	118	119	116	0.15000000000000568	78	79	77	pA_I
vêtements	124	144	113	0.45899999999997476	75	80	68	pA_I
tout	NA	NA	NA	0.14400000000000546	68	70	65	pA_I
ça	117	123	112	0.16200000000000614	76	80	71	pA_I
tu	NA	NA	NA	0.1560000000000059	74	77	71	pA_I
sais	133	134	133	0.3650000000000091	73	76	67	pA_L
								
ouais	201	207	199	0.35499999999998977	73	76	68	pA_B
je	202	202	202	0.1419999999999959	71	74	69	pA_I
sais	204	204	203	0.2839999999999918	74	78	71	pA_L
								
je	NA	NA	NA	0.10599999999999454	70	72	69	pA_B
pense	NA	NA	NA	0.2650000000000148	74	79	69	pA_I
que	122	125	121	0.10099999999999909	74	77	70	pA_I
là	138	141	125	0.14599999999998658	80	83	74	pA_I
ça	128	141	112	0.12399999999999523	73	75	72	pA_I
va	113	113	112	0.056000000000011596	75	76	75	pA_I
êt-	113	114	112	0.18299999999999272	73	76	70	pA_I
ça	176	178	174	0.132000000000005	75	79	73	pA_I
ça	177	178	174	0.16300000000001091	74	79	71	pA_I
va	133	135	132	0.09399999999999409	76	80	75	pA_I
être	136	137	134	0.21100000000001273	75	82	68	pA_I
quelque	NA	NA	NA	0.08399999999997476	68	68	68	pA_I
chose	115	139	101	0.40200000000001523	69	72	62	pA_L
								
moi	236	239	232	0.19599999999999795	71	75	69	pA_B
j'	217	236	196	0.20400000000000773	71	76	66	pA_I
étais	217	236	196	0.20400000000000773	71	76	66	pA_I
choquée	258	316	196	0.3269999999999982	72	77	68	pA_I
quand	293	325	264	0.1529999999999916	72	74	69	pA_I
ils	243	278	224	0.12000000000000455	71	75	67	pA_I
m'	223	225	222	0.1599999999999966	78	79	76	pA_I
ont	223	225	222	0.1599999999999966	78	79	76	pA_I
dit	228	237	221	0.160000000000025	69	77	61	pA_I
que	229	247	221	0.27899999999999636	69	75	58	pA_I
ils	224	226	221	0.13299999999998136	74	76	70	pA_I
ont	218	232	209	0.1740000000000066	68	71	64	pA_I
acheté	223	247	204	0.40399999999999636	67	73	56	pA_I
euh	204	227	195	0.3199999999999932	69	73	64	pA_I
du	194	201	184	0.27300000000002456	65	76	58	pA_I
esprit	213	240	200	0.5289999999999964	68	80	56	pA_I
et	212	224	195	0.14300000000000068	73	78	67	pA_I
du	183	204	177	0.5379999999999825	63	67	60	pA_L
								
tu	NA	NA	NA	0.10600000000002296	65	70	61	pA_B
laisses	146	242	112	0.19499999999999318	76	79	72	pA_I
ceux	130	146	122	0.1529999999999916	76	79	75	pA_I
d'	146	155	115	0.23599999999999	76	79	73	pA_I
hiver	146	155	115	0.23599999999999	76	79	73	pA_I
hein	154	201	114	0.257000000000005	70	75	65	pA_L
								
ceux	193	218	185	0.1880000000000166	63	66	58	pA_B
d'	193	202	183	0.36099999999999	63	68	58	pA_I
hiver	193	202	183	0.36099999999999	63	68	58	pA_I
ouais	180	200	167	0.16800000000000637	57	60	53	pA_L
								
ben	97	99	96	0.16599999999999682	56	59	51	pA_B
ouais	100	105	95	0.1810000000000116	60	65	57	pA_I
je	102	104	100	0.10599999999999454	61	63	60	pA_I
sais	159	213	79	0.32099999999999795	63	64	60	pA_L
ça	113	113	112	0.2300000000000182	74	81	69	pA_B
m'	113	121	107	0.1939999999999884	73	77	67	pA_I
a	113	121	107	0.1939999999999884	73	77	67	pA_I
un	133	136	121	0.1640000000000157	70	73	63	pA_I
peu	138	146	134	0.13199999999997658	71	77	62	pA_I
énervé	134	165	127	0.3689999999999998	73	77	70	pA_I
mais	153	166	142	0.11200000000002319	75	77	73	pA_I
bon	128	155	120	0.12299999999999045	71	72	70	pA_I
qu'	120	121	118	0.07800000000000296	64	69	59	pA_I
est	120	121	118	0.07800000000000296	64	69	59	pA_I
ce	NA	NA	NA	0.10099999999999909	56	58	55	pA_I
que	NA	NA	NA	0.02600000000001046	54	54	54	pA_I
tu	NA	NA	NA	0.06799999999998363	55	58	52	pA_I
veux	117	119	115	0.0660000000000025	63	65	61	pA_I
que	NA	NA	NA	0.05500000000000682	71	75	66	pA_I
je	NA	NA	NA	0.09699999999997999	75	79	72	pA_I
te	184	256	114	0.08600000000001273	70	72	69	pA_I
dise	491	550	459	0.3470000000000084	69	82	53	pA_L
								
ça	309	417	206	0.39799999999999613	67	76	55	pA_B
c'	284	416	204	0.3100000000000023	71	83	62	pA_I
est	284	416	204	0.3100000000000023	71	83	62	pA_I
bon	247	261	205	0.41100000000000136	68	79	58	pA_L
ça	115	118	113	0.21299999999999386	72	76	67	pA_B
a	111	113	110	0.10699999999999932	78	79	77	pA_I
le	117	122	111	0.14500000000001023	77	78	75	pA_I
don	129	138	118	0.214999999999975	78	83	72	pA_I
de	122	136	110	0.18700000000001182	79	83	76	pA_I
me	103	106	101	0.4130000000000109	74	79	67	pA_I
ça	114	117	112	0.10699999999999932	63	70	59	pA_I
a	111	112	109	0.054000000000002046	71	72	71	pA_I
juste	102	188	75	0.23599999999999	67	71	59	pA_I
un	179	188	170	0.11699999999999022	69	71	65	pA_I
peu	176	178	174	0.11000000000001364	76	79	68	pA_I
le	NA	NA	NA	0.06800000000001205	78	79	77	pA_I
don	140	144	137	0.16799999999997794	79	80	77	pA_I
de	135	137	134	0.056000000000011596	79	79	78	pA_I
m'	116	135	79	0.6450000000000102	69	79	57	pA_I
énerver	116	135	79	0.6450000000000102	69	79	57	pA_L
								
ben	189	203	178	0.19299999999998363	61	63	58	pA_B
ouais	183	201	166	0.32099999999999795	71	82	59	pA_L
								
j'	NA	NA	NA	0.20599999999998886	62	69	56	pA_B
ai	NA	NA	NA	0.20599999999998886	62	69	56	pA_I
enfin	286	730	133	0.5459999999999923	66	70	55	pA_L
								
tu	204	205	203	0.08199999999999363	61	70	54	pA_B
as	205	206	204	0.047000000000025466	71	72	71	pA_I
enfin	219	237	203	0.26099999999996726	72	75	67	pA_I
un	219	223	216	0.08400000000000318	74	75	74	pA_I
vrai	221	224	214	0.299000000000035	76	80	69	pA_I
rouleau	223	230	216	0.3509999999999991	74	78	66	pA_I
à	222	223	221	0.07799999999997453	69	73	64	pA_I
pâtisserie	190	265	140	0.6500000000000341	68	78	55	pA_L
peu	197	216	181	0.22200000000003683	61	66	57	pA_B
c'	184	192	177	0.228999999999985	59	64	55	pA_I
est	184	192	177	0.228999999999985	59	64	55	pA_I
dur	183	187	180	0.22100000000000364	58	60	54	pA_L
je	NA	NA	NA	0.15699999999998226	50	56	47	pA_B
vais	NA	NA	NA	0.11200000000002319	55	57	54	pA_I
me	NA	NA	NA	0.08999999999997499	51	54	48	pA_I
mettre	136	136	136	0.26900000000000546	58	63	52	pA_I
là	NA	NA	NA	0.08999999999997499	71	84	60	pA_L
oula	167	169	164	0.5260000000000105	74	81	69	pA_U
								
ouais	115	119	110	0.3299999999999841	58	63	55	pA_U
j'	113	120	110	0.25200000000000955	62	71	53	pA_B
aurais	113	120	110	0.25200000000000955	62	71	53	pA_I
préféré	132	165	110	0.26200000000000045	67	90	56	pA_I
en	136	146	124	0.10500000000001819	81	87	77	pA_I
trouver	135	142	121	0.2349999999999568	72	77	69	pA_I
un	120	121	119	0.13800000000003365	73	76	67	pA_I
sans	133	136	119	0.21300000000002228	68	74	64	pA_I
manche	133	139	128	0.3039999999999736	69	75	61	pA_I
en	121	122	120	0.08100000000001728	65	67	62	pA_I
fait	120	134	112	0.214999999999975	68	76	59	pA_I
tu	122	123	121	0.11100000000004684	60	63	57	pA_I
vois	137	143	123	0.22299999999995634	61	66	53	pA_L
								
ben	181	190	178	0.14699999999999136	64	67	57	pA_B
non	216	246	190	0.25499999999999545	79	88	68	pA_I
c'	153	267	102	0.25799999999998136	68	77	63	pA_I
est	153	267	102	0.25799999999998136	68	77	63	pA_I
bien	297	320	267	0.1470000000000482	73	77	64	pA_I
avec	277	316	266	0.46599999999995134	65	73	53	pA_L
								
non	150	158	140	0.13100000000002865	65	68	59	pA_B
moi	148	158	127	0.12999999999999545	69	71	67	pA_I
j'	120	133	107	0.26099999999996726	69	73	65	pA_I
aime	120	133	107	0.26099999999996726	69	73	65	pA_I
pas	169	178	164	0.08400000000000318	69	70	68	pA_I
je	165	166	165	0.11000000000001364	63	67	59	pA_I
préfère	133	138	129	0.2303866231807774	70	83	58	pA_I
deux	131	146	113	0.22661337681921623	73	84	61	pA_L
								
mais	222	240	213	0.21600000000000819	74	81	57	pA_B
moi	216	220	211	0.16199999999997772	77	79	74	pA_I
j'	192	216	175	0.26200000000000045	70	73	66	pA_I
aime	192	216	175	0.26200000000000045	70	73	66	pA_I
bien	272	291	182	0.19299999999998363	77	80	66	pA_I
les	266	282	253	0.13700000000000045	80	83	78	pA_I
manches	265	279	254	0.48900000000003274	73	84	58	pA_L
moi	264	286	229	0.146000000000015	77	79	74	pA_B
je	232	237	224	0.09699999999997999	72	74	66	pA_I
préfère	270	322	210	0.5110000000000241	71	80	59	pA_I
franchement	255	319	124	0.4370000000000118	70	77	61	pA_I
au	264	296	98	0.17399999999997817	63	68	56	pA_I
moins	100	102	98	0.1519999999999868	67	70	63	pA_I
ça	101	102	99	0.12700000000000955	59	66	53	pA_I
t'	208	222	191	0.35000000000002274	69	87	56	pA_I
échappe	208	222	191	0.35000000000002274	69	87	56	pA_I
pas	183	190	178	0.11099999999999	76	83	71	pA_I
des	190	198	187	0.10300000000000864	69	71	66	pA_I
mains	247	270	198	0.32099999999996953	65	73	53	pA_L
au	213	216	210	0.09799999999995634	67	73	59	pA_B
moins	248	296	214	0.19500000000005002	77	81	73	pA_I
ça	244	285	221	0.14599999999995816	70	74	66	pA_I
t'	210	232	188	0.4399999999999977	65	70	57	pA_I
échappe	210	232	188	0.4399999999999977	65	70	57	pA_I
pas	270	273	267	0.146000000000015	70	74	57	pA_I
des	268	272	262	0.14699999999999136	70	76	67	pA_I
mains	248	262	243	0.2440000000000282	65	78	52	pA_L
								
ah	136	162	126	0.20999999999997954	65	73	53	pA_B
j'	132	207	113	0.26300000000003365	76	84	70	pA_I
aurais	132	207	113	0.26300000000003365	76	84	70	pA_I
dû	116	119	112	0.09399999999999409	72	79	68	pA_I
faire	NA	NA	NA	0.23699999999996635	71	80	61	pA_I
comme	120	120	120	0.08899999999999864	64	65	62	pA_I
ça	125	128	120	0.13500000000004775	65	69	61	pA_I
en	122	124	120	0.07799999999997453	65	68	62	pA_I
fait	NA	NA	NA	0.3120000000000118	60	70	55	pA_L
tu	118	125	116	0.16500000000002046	60	64	55	pA_B
peux	146	151	125	0.117999999999995	66	72	59	pA_I
me	153	157	150	0.08199999999999363	71	72	68	pA_I
sortir	180	207	152	0.41800000000000637	71	80	63	pA_I
juste	156	167	145	0.31799999999998363	64	71	57	pA_I
le	121	144	116	0.6290000000000191	71	75	63	pA_I
truc	133	137	127	0.3299999999999841	71	83	62	pA_I
le	149	150	148	0.31699999999995043	67	81	53	pA_I
plat	176	180	164	0.37400000000002365	71	81	60	pA_L
on	129	135	123	0.17700000000002092	58	63	52	pA_B
va	123	128	120	0.10199999999997544	61	63	57	pA_I
voir	121	126	116	0.10700000000002774	64	66	62	pA_I
un	118	120	116	0.09600000000000364	62	66	60	pA_I
peu	122	125	115	0.1449999999999818	60	64	56	pA_I
la	123	124	122	0.09600000000000364	59	63	56	pA_I
taille	134	138	130	0.17899999999997362	62	66	56	pA_I
que	133	134	133	0.06600000000003092	61	62	60	pA_I
ça	134	141	132	0.11299999999999955	62	63	61	pA_I
fait	148	155	132	0.3650000000000091	61	64	57	pA_L
								
ben	187	201	183	0.18399999999996908	63	67	58	pA_B
je	NA	NA	NA	0.14100000000001955	64	70	60	pA_I
pense	204	209	200	0.20199999999999818	63	67	58	pA_I
que	202	204	198	0.15299999999996317	64	67	56	pA_I
c'	204	210	196	0.1560000000000059	61	65	59	pA_I
est	204	210	196	0.1560000000000059	61	65	59	pA_I
bon	218	235	194	0.18700000000001182	66	74	59	pA_I
non	219	230	209	0.24099999999998545	67	73	57	pA_L
								
c'	NA	NA	NA	0.15499999999997272	51	53	50	pA_B
est	NA	NA	NA	0.15499999999997272	51	53	50	pA_I
bon	79	82	75	0.3059999999999832	59	63	53	pA_L
oh	136	138	133	0.1710000000000491	57	70	48	pA_B
ben	130	136	125	0.08899999999999864	69	70	68	pA_I
je	123	127	119	0.10499999999996135	65	70	61	pA_I
suis	NA	NA	NA	0.08199999999999363	57	59	54	pA_I
trop	119	123	116	0.10900000000003729	64	68	56	pA_I
fort	110	114	106	0.4350000000000023	60	70	49	pA_L
								
ça	195	197	194	0.21699999999998454	62	73	49	pA_U
va	229	244	194	0.13400000000001455	70	72	66	pA_B
les	87	92	82	0.1490000000000009	72	74	70	pA_I
chevilles	161	285	87	0.4379999999999882	62	70	53	pA_L
								
ouais	271	590	79	0.17199999999996862	65	69	59	pA_U
								
voilà	208	215	197	0.7230000000000132	57	65	50	pA_U
waouh	198	206	185	0.7389999999999759	75	79	72	pA_B
tu	NA	NA	NA	0.27499999999997726	73	74	72	pA_I
fais	214	222	207	0.1150000000000091	74	75	72	pA_I
un	207	210	204	0.19300000000004047	74	76	72	pA_I
petit	231	236	227	0.28499999999996817	74	78	73	pA_I
rebord	226	276	179	1.1089999999999804	76	79	72	pA_L
								
ouais	123	129	119	0.28700000000003456	76	80	72	pA_B
j'	136	158	118	0.46100000000001273	76	82	73	pA_I
essaie	136	158	118	0.46100000000001273	76	82	73	pA_I
mais	113	136	108	0.3739999999999668	78	79	76	pA_I
j'	113	117	108	0.3160000000000309	77	79	74	pA_I
arrive	113	117	108	0.3160000000000309	77	79	74	pA_I
jamais	127	139	112	0.24699999999995725	77	81	73	pA_I
à	135	137	134	0.06200000000001182	77	78	76	pA_I
le	132	135	128	0.08199999999999363	75	77	74	pA_I
faire	130	139	112	0.3079999999999927	76	80	72	pA_I
euh	110	113	107	0.27800000000002	77	80	73	pA_I
correctement	136	155	127	0.7479999999999905	76	79	72	pA_I
tu	276	284	269	0.1190000000000282	76	77	75	pA_I
sais	144	145	142	0.382000000000005	74	78	72	pA_L
elle	267	422	114	0.1209999999999809	76	79	73	pA_B
est	116	117	115	0.125	75	78	71	pA_I
pas	136	138	134	0.12299999999999045	77	81	72	pA_I
assez	138	141	132	0.271000000000015	75	81	71	pA_I
collante	142	151	131	0.34699999999998	76	80	69	pA_I
en	NA	NA	NA	0.12100000000003774	75	76	72	pA_I
fait	NA	NA	NA	0.2769999999999868	74	79	70	pA_I
pour	NA	NA	NA	0.19599999999996953	73	76	71	pA_I
pouvoir	116	121	114	0.3180000000000405	75	79	70	pA_I
le	114	115	114	0.09699999999997999	77	78	75	pA_I
faire	129	133	115	0.2950000000000159	74	78	72	pA_I
euh	103	106	101	0.3159999999999741	75	76	72	pA_I
faire	NA	NA	NA	0.17000000000001592	75	77	73	pA_I
un	NA	NA	NA	0.08899999999999864	75	76	72	pA_I
truc	NA	NA	NA	0.2629999999999768	74	77	72	pA_I
relativement	121	124	118	0.4810000000000514	76	79	73	pA_I
bien	129	144	118	0.27899999999999636	75	78	74	pA_L
								
ben	NA	NA	NA	0.20199999999999818	75	76	74	pA_B
si	NA	NA	NA	0.1230000000000473	79	85	76	pA_I
vraiment	228	229	226	0.4619999999999891	75	77	73	pA_I
tu	NA	NA	NA	0.18000000000000682	74	75	73	pA_I
veux	214	219	209	0.18699999999995498	76	77	74	pA_I
que	216	217	215	0.06300000000004502	73	75	72	pA_I
ça	203	217	198	0.2279999999999518	74	78	71	pA_I
colle	256	261	200	0.3790000000000191	74	80	70	pA_I
faudrait	200	202	197	0.20900000000000318	71	74	70	pA_I
mettre	193	200	189	0.375	71	74	69	pA_I
euh	183	190	178	0.37400000000002365	76	78	73	pA_I
du	NA	NA	NA	0.07699999999999818	71	73	70	pA_I
jaune	201	203	197	0.23399999999998045	75	77	74	pA_I
d'	227	264	198	0.4230000000000018	75	79	72	pA_I
oeuf	227	264	198	0.4230000000000018	75	79	72	pA_L
								
non	118	123	113	0.257000000000005	76	79	72	pA_B
mais	120	124	117	0.1560000000000059	73	75	71	pA_I
comme	NA	NA	NA	0.13299999999998136	72	73	71	pA_I
ça	NA	NA	NA	0.19300000000004047	74	76	72	pA_I
c'	113	116	111	0.26399999999995316	72	75	71	pA_I
est	113	116	111	0.26399999999995316	72	75	71	pA_I
bien	NA	NA	NA	0.21100000000001273	72	75	70	pA_L
								
il	215	219	214	0.09399999999999409	74	77	70	pA_B
manque	238	247	219	0.28300000000001546	76	79	71	pA_I
une	247	256	237	0.1419999999999959	75	77	71	pA_I
lumière	247	261	232	0.4549999999999841	76	80	73	pA_I
hein	228	232	224	0.06800000000004047	76	76	75	pA_I
là	216	229	209	0.18000000000000682	74	76	71	pA_I
quand	210	213	206	0.16999999999995907	72	74	70	pA_I
même	201	206	195	0.20100000000002183	72	74	70	pA_I
hein	205	206	204	0.15100000000001046	72	75	69	pA_L
								
hein	145	151	141	0.2909999999999968	76	81	69	pA_U
								
il	230	234	227	0.08300000000002683	71	74	69	pA_B
manque	246	259	231	0.3509999999999991	75	79	70	pA_I
une	254	259	246	0.12899999999996226	79	80	75	pA_I
lumière	270	284	255	0.44700000000000273	78	82	73	pA_I
là	218	235	206	0.2540000000000191	73	76	70	pA_L
								
ouais	221	594	132	0.2330000000000041	78	83	69	pA_B
mais	164	169	159	0.07299999999997908	76	79	72	pA_I
c'	147	149	145	0.14400000000000546	73	75	72	pA_I
est	147	149	145	0.14400000000000546	73	75	72	pA_I
pour	147	153	141	0.13299999999998136	77	81	73	pA_I
ça	204	206	201	0.20900000000000318	78	82	74	pA_I
je	155	204	75	0.1260000000000332	78	80	75	pA_I
me	155	159	154	0.03899999999998727	76	76	76	pA_I
suis	155	160	152	0.17000000000001592	77	82	71	pA_I
dit	162	172	152	0.1490000000000009	76	77	75	pA_I
tu	170	173	169	0.07200000000000273	72	75	71	pA_I
sais	185	186	184	0.18299999999999272	76	80	70	pA_I
euh	149	184	130	0.2699999999999818	78	81	73	pA_I
si	157	160	150	0.1290000000000191	73	77	71	pA_I
on	144	150	141	0.11099999999999	76	79	72	pA_I
prend	146	156	140	0.15800000000001546	76	81	69	pA_I
une	142	145	140	0.1209999999999809	77	78	75	pA_I
hotte	157	173	133	0.4759999999999991	75	80	69	pA_I
pour	130	142	123	0.19299999999998363	72	76	68	pA_I
euh	119	124	116	0.40800000000001546	78	80	77	pA_I
s-	117	118	115	0.1490000000000009	73	76	70	pA_I
j'	131	134	128	0.29599999999999227	75	82	69	pA_I
en	131	134	128	0.29599999999999227	75	82	69	pA_I
j'	136	138	128	0.17799999999999727	76	80	73	pA_I
en	136	138	128	0.17799999999999727	76	80	73	pA_I
voudrais	144	157	135	0.21500000000003183	79	83	76	pA_I
une	153	159	144	0.12999999999999545	78	80	75	pA_I
avec	132	144	123	0.12299999999999045	76	78	75	pA_I
des	124	133	114	0.1490000000000009	77	80	74	pA_I
lumières	153	172	123	0.34699999999998	77	81	70	pA_I
tu	NA	NA	NA	0.043000000000006366	69	70	69	pA_I
sais	155	158	153	0.24200000000001864	73	80	68	pA_L
								
ben	NA	NA	NA	0.09100000000000819	68	70	67	pA_B
de	NA	NA	NA	0.051999999999964075	69	69	69	pA_I
toute	NA	NA	NA	0.08800000000002228	68	69	68	pA_I
façon	234	266	205	0.3159999999999741	72	75	70	pA_I
tu	NA	NA	NA	0.08400000000000318	69	70	69	pA_I
trouves	224	238	217	0.2939999999999827	69	73	67	pA_L
								
je	121	121	120	0.11200000000002319	72	75	69	pA_B
sais	121	121	121	0.16399999999998727	75	80	71	pA_I
pas	421	583	126	0.3100000000000023	76	81	69	pA_L
								
tu	241	241	239	0.11299999999999955	69	74	66	pA_B
le	232	239	229	0.1139999999999759	70	74	68	pA_I
connais	222	238	210	0.2510000000000332	73	76	69	pA_I
pas	224	233	210	0.16599999999999682	72	73	68	pA_I
en	202	210	198	0.1150000000000091	72	74	69	pA_I
hotte	547	591	526	0.4319999999999595	69	76	66	pA_L
								
hein	317	627	131	0.33300000000002683	73	80	67	pA_U
								
tu	227	230	221	0.12000000000000455	70	73	67	pA_B
le	220	222	219	0.12100000000003774	68	73	66	pA_I
connais	239	252	225	0.25399999999996226	74	80	70	pA_I
pas	258	268	251	0.18400000000002592	71	75	67	pA_I
en	239	251	232	0.13599999999996726	73	75	70	pA_I
hotte	203	210	198	0.45100000000002183	70	81	66	pA_L
								
nan	120	123	118	0.41700000000003	70	79	65	pA_U
enfin	133	135	132	0.21999999999997044	70	75	65	pA_B
je	117	120	115	0.19500000000005002	75	80	71	pA_I
saurai	145	175	114	0.575999999999965	75	82	66	pA_L
leurs	124	127	120	0.2519999999999527	73	80	64	pA_B
pots	168	177	163	0.2580000000000382	73	84	65	pA_I
ils	175	181	172	0.07799999999997453	78	80	74	pA_I
sont	150	163	140	0.15500000000002956	76	81	72	pA_I
bien	159	179	140	0.19299999999998363	79	80	77	pA_I
mais	155	179	122	0.16599999999999682	78	80	77	pA_I
y	123	125	122	0.043000000000006366	80	80	79	pA_I
a	121	123	120	0.06200000000001182	76	79	73	pA_I
pas	135	144	119	0.1209999999999809	77	82	72	pA_I
assez	146	161	139	0.2909999999999968	76	81	69	pA_I
de	135	151	132	0.3120000000000118	78	83	74	pA_I
tomates	141	157	131	0.2869999999999777	77	81	72	pA_I
dedans	113	119	106	0.4550000000000409	73	79	66	pA_L
								
y	NA	NA	NA	0.09700000000003684	80	81	79	pA_B
a	265	266	265	0.09699999999997999	80	81	79	pA_I
de	280	290	262	0.13900000000001	74	78	72	pA_I
la	251	275	245	0.13700000000000045	73	75	72	pA_I
sauce	246	246	245	0.5960000000000036	71	79	64	pA_L
y	NA	NA	NA	0.05700000000001637	67	67	66	pA_B
a	214	217	211	0.057999999999992724	71	73	69	pA_I
une	226	233	217	0.17200000000002547	74	76	71	pA_I
bouteille	230	275	174	0.31399999999996453	76	81	71	pA_I
de	240	255	233	0.17400000000003502	71	73	69	pA_I
sauce	258	261	233	0.32799999999997453	68	74	64	pA_I
encore	214	236	203	0.4440000000000168	66	70	62	pA_L
								
la	123	124	122	0.15399999999999636	70	80	61	pA_B
grande	194	242	120	0.29300000000000637	78	81	75	pA_I
là	246	255	228	0.3229999999999791	75	81	68	pA_L
								
ben	191	196	189	0.3100000000000023	70	76	64	pA_B
ouais	191	204	186	0.3120000000000118	73	77	63	pA_L
								
ah	NA	NA	NA	0.21199999999998909	74	79	62	pA_B
sinon	160	167	150	0.2230000000000132	75	79	67	pA_I
c'	162	168	140	0.1379999999999768	72	75	69	pA_I
est	162	168	140	0.1379999999999768	72	75	69	pA_I
que	133	140	123	0.051000000000044565	71	72	70	pA_I
des	134	138	133	0.17599999999998772	76	78	73	pA_I
purées	149	160	133	0.20699999999999363	76	80	67	pA_I
après	129	152	123	0.44700000000000273	72	80	61	pA_L
								
de	NA	NA	NA	0.132000000000005	64	67	62	pA_B
la	193	194	192	0.13100000000002865	71	75	63	pA_I
chair	212	242	194	0.2950000000000159	68	73	64	pA_I
de	211	215	208	0.16599999999999682	69	73	64	pA_I
tomate	248	259	232	0.3949999999999818	68	77	62	pA_L
								
ouais	172	236	114	0.3790000000000191	69	74	61	pA_B
faudra	135	137	134	0.18799999999998818	73	80	66	pA_I
juste	138	142	136	0.20500000000004093	74	79	69	pA_I
me	NA	NA	NA	0.10499999999996135	77	79	75	pA_I
filer	153	160	143	0.3079999999999927	74	81	69	pA_I
des	132	143	127	0.13500000000004775	77	78	75	pA_I
herbes	151	174	121	0.26799999999997226	77	80	72	pA_I
s'	NA	NA	NA	0.17900000000003047	69	71	67	pA_I
il	NA	NA	NA	0.17900000000003047	69	71	67	pA_I
te	144	147	143	0.08999999999997499	73	76	72	pA_I
plaît	158	161	151	0.22399999999998954	70	73	68	pA_L
								
attends	244	248	240	0.45100000000002183	69	74	66	pA_U
te	NA	NA	NA	0.13900000000001	69	71	67	pA_B
filer	233	239	223	0.34699999999998	72	78	69	pA_I
quoi	352	379	321	0.27700000000004366	73	79	69	pA_L
								
les	117	124	113	0.26400000000001	74	80	70	pA_B
herbes	133	151	110	0.5279999999999632	76	80	68	pA_L
								
normalement	117	128	109	0.4550000000000409	73	81	67	pA_B
le	NA	NA	NA	0.1239999999999668	69	72	66	pA_I
persil	NA	NA	NA	0.26600000000001955	68	70	66	pA_I
c'	114	115	114	0.17199999999996862	68	72	65	pA_I
est	114	115	114	0.17199999999996862	68	72	65	pA_I
bon	116	116	115	0.18400000000002592	70	73	66	pA_L
								
ben	191	208	149	0.19499999999999318	73	75	70	pA_B
ça	231	260	200	0.12899999999996226	71	73	69	pA_I
fait	244	260	228	0.19200000000000728	74	80	68	pA_I
partie	237	276	215	0.48599999999999	72	79	69	pA_I
hein	266	274	261	0.23099999999999454	71	76	66	pA_L
								
hm	151	180	118	0.2559999999999718	77	84	67	pA_U
								
c'	243	249	236	0.15399999999999636	71	73	69	pA_B
est	243	249	236	0.15399999999999636	71	73	69	pA_I
des	232	241	223	0.19499999999999318	75	77	70	pA_I
herbes	224	229	210	0.3140000000000214	74	81	69	pA_I
aussi	233	292	210	0.4549999999999841	69	74	65	pA_L
								
oui	130	137	124	0.125	70	74	66	pA_B
non	136	139	126	0.1260000000000332	73	74	70	pA_I
mais	115	126	110	0.16699999999997317	75	76	71	pA_I
bon	152	247	108	0.125	76	79	74	pA_L
								
pourquoi	288	302	247	0.18400000000002592	75	80	72	pA_B
ce	277	289	264	0.20299999999997453	76	79	73	pA_I
racisme	276	309	247	0.6399999999999864	75	80	68	pA_I
anti	243	254	229	0.5780000000000314	72	79	68	pA_I
euh	219	229	204	0.5249999999999773	75	80	65	pA_L
anti	258	269	239	0.3690000000000282	74	79	64	pA_B
persil	275	283	265	0.6809999999999832	72	82	64	pA_L
								
bon	125	127	122	0.26400000000001	66	71	60	pA_B
pour	129	129	128	0.08600000000001273	64	67	62	pA_I
l'	132	147	125	0.27499999999997726	70	74	65	pA_I
instant	132	147	125	0.27499999999997726	70	74	65	pA_I
je	139	142	133	0.10000000000002274	70	72	67	pA_I
vais	126	133	120	0.08900000000005548	69	70	67	pA_I
la	120	121	119	0.09600000000000364	72	73	71	pA_I
mettre	118	120	114	0.19700000000000273	71	74	67	pA_I
là	152	155	140	0.1289999999999054	77	80	69	pA_I
hein	150	154	144	0.21400000000005548	71	78	63	pA_L
								
ouais	169	264	110	0.2799999999999727	65	70	61	pA_U
je	NA	NA	NA	0.0989999999999327	63	64	63	pA_B
vais	198	209	190	0.1490000000000009	68	70	66	pA_I
essayer	185	190	180	0.2580000000000382	67	73	64	pA_I
de	NA	NA	NA	0.06200000000001182	65	67	63	pA_I
pas	350	561	181	0.1209999999999809	74	77	70	pA_I
me	185	188	183	0.10900000000003729	69	71	66	pA_I
couper	341	493	206	0.4879999999999427	70	81	63	pA_L
								
tu	NA	NA	NA	0.1129999999999427	63	66	61	pA_B
v-	124	130	122	0.11300000000005639	70	73	67	pA_I
sinon	164	189	121	0.36400000000003274	74	83	68	pA_I
laisse	183	193	172	0.27699999999992997	76	82	70	pA_I
hein	166	176	164	0.1449999999999818	77	79	74	pA_I
je	150	165	139	0.10300000000006548	75	77	72	pA_I
le	142	145	139	0.06899999999995998	73	77	69	pA_I
fais	151	158	140	0.33799999999996544	70	79	62	pA_L
j'	118	119	117	0.10799999999994725	68	70	66	pA_B
ai	118	119	117	0.10799999999994725	68	70	66	pA_I
pas	147	148	146	0.09900000000004638	70	75	64	pA_I
forcément	147	156	142	0.41599999999994	70	80	64	pA_I
envie	136	142	131	0.16800000000000637	73	80	67	pA_I
de	144	149	134	0.23900000000003274	64	71	60	pA_I
t'	141	164	75	0.4209999999999354	70	78	60	pA_I
emmener	141	164	75	0.4209999999999354	70	78	60	pA_I
aux	139	145	127	0.11800000000005184	72	74	69	pA_I
urgences	144	150	136	0.45699999999999363	70	76	63	pA_I
maintenant	145	156	133	0.40800000000001546	69	74	61	pA_L
								
ben	190	191	189	0.1410000000000764	66	70	63	pA_B
je	205	215	190	0.17099999999993543	72	76	68	pA_I
vois	203	212	198	0.11000000000001364	71	76	67	pA_I
pas	197	199	193	0.08299999999996999	72	73	70	pA_I
pourquoi	191	202	175	0.43200000000001637	69	76	63	pA_L
								
hein	700	708	690	0.29500000000007276	78	83	62	pA_U
								
ça	NA	NA	NA	0.2619999999999436	74	81	67	pA_B
ferait	284	301	241	0.19100000000003092	71	79	66	pA_I
une	238	242	235	0.08199999999999363	76	77	73	pA_I
soirée	227	255	210	0.35400000000004184	73	77	68	pA_I
sympa	209	231	196	0.5069999999999482	70	75	66	pA_L
								
ouais	128	155	115	0.24900000000002365	74	81	61	pA_B
ouais	147	156	140	0.25	69	76	61	pA_L
tu	NA	NA	NA	0.07299999999997908	68	69	67	pA_B
me	124	133	117	0.07299999999997908	71	74	71	pA_I
diras	132	140	114	0.18200000000001637	76	78	71	pA_I
je	139	139	138	0.07299999999997908	74	77	72	pA_I
les	122	124	120	0.07299999999997908	73	74	72	pA_I
connais	127	145	118	0.25499999999999545	74	77	69	pA_I
bien	194	213	145	0.14600000000007185	75	77	71	pA_I
au	200	212	188	0.07299999999997908	77	78	75	pA_I
hein	138	143	125	0.18100000000004002	72	74	70	pA_I
mais	119	125	116	0.1069999999999709	74	77	69	pA_I
bon	124	129	117	0.20900000000006003	68	76	62	pA_L
								
hein	253	270	239	0.28899999999998727	71	77	64	pA_U
								
j'	136	136	136	0.15399999999999636	63	67	62	pA_B
ai	136	136	136	0.15399999999999636	63	67	62	pA_I
dit	147	150	136	0.11599999999998545	72	75	69	pA_I
je	145	151	136	0.07799999999997453	73	78	71	pA_I
les	134	136	131	0.09800000000007003	76	79	72	pA_I
connais	139	154	133	0.17200000000002547	78	81	71	pA_I
bien	211	236	147	0.15399999999999636	78	81	74	pA_I
là	219	236	196	0.1069999999999709	80	81	80	pA_I
en	190	196	184	0.09199999999998454	78	79	77	pA_I
haut	171	184	148	0.1290000000000191	76	81	73	pA_I
mais	133	148	126	0.1069999999999709	74	75	72	pA_I
bon	138	144	129	0.22300000000007003	72	77	63	pA_L
								
ouais	277	343	223	0.3269999999999982	71	79	64	pA_U
ouvre	186	198	182	0.1830000000001064	66	71	61	pA_B
la	198	207	187	0.21299999999996544	75	78	73	pA_I
bouche	209	217	188	0.4329999999999927	71	81	60	pA_L
								
de	146	172	131	0.19399999999995998	65	69	59	pA_B
quoi	137	144	127	0.38800000000003365	68	75	62	pA_L
merci	155	188	117	0.5220000000000482	69	77	58	pA_U
ah	651	690	612	0.42200000000002547	73	80	62	pA_U
								
quoi	228	235	223	0.32600000000002183	72	79	67	pA_U
								
m'	115	117	113	0.13200000000006185	71	76	64	pA_B
a	115	117	113	0.13200000000006185	71	76	64	pA_I
collé	125	133	113	0.2619999999999436	71	76	66	pA_I
dessus	120	128	114	0.22100000000000364	71	75	68	pA_I
regarde	104	106	102	0.3079999999999927	68	71	64	pA_L
								
et	195	200	193	0.125	72	77	67	pA_B
là	223	255	195	0.19600000000002638	77	78	75	pA_I
c'	215	229	202	0.1710000000000491	69	73	66	pA_I
est	215	229	202	0.1710000000000491	69	73	66	pA_I
le	200	219	187	0.16199999999992087	74	76	72	pA_I
drame	190	233	172	0.6320000000000619	70	76	65	pA_L
								
non	117	119	114	0.29899999999997817	76	79	67	pA_B
c'	113	121	106	0.15499999999997272	70	73	68	pA_I
est	113	121	106	0.15499999999997272	70	73	68	pA_I
bon	105	110	102	0.1710000000000491	70	73	65	pA_L
								
ça	312	321	293	0.16200000000003456	69	78	66	pA_B
va	392	574	260	0.16199999999992087	75	78	72	pA_I
tu	295	310	274	0.16200000000003456	71	77	68	pA_I
te	290	313	263	0.16200000000003456	64	69	61	pA_I
kiffes	339	371	316	0.48599999999999	68	76	60	pA_L
								
ouais	440	601	129	0.3350000000000364	69	80	60	pA_U
ça	139	140	136	0.1229999999999336	64	68	61	pA_B
va	125	136	114	0.1230000000000473	68	70	66	pA_I
je	NA	NA	NA	0.1229999999999336	64	66	63	pA_I
me	118	120	115	0.1230000000000473	64	67	63	pA_I
kiffe	120	122	117	0.3079999999999927	63	66	61	pA_L
sérieux	376	632	189	0.30700000000001637	71	77	61	pA_B
la	NA	NA	NA	0.08799999999996544	72	73	71	pA_I
deuxième	207	327	134	0.3509999999999991	77	81	69	pA_I
elle	193	205	185	0.17600000000004457	79	83	75	pA_I
est	178	183	172	0.13199999999994816	77	78	76	pA_I
elle	172	176	169	0.21000000000003638	69	75	65	pA_I
rentre	150	163	134	0.28899999999998727	71	78	65	pA_I
quasiment	155	161	149	0.39999999999997726	74	79	65	pA_I
dedans	160	171	153	0.19899999999995543	76	78	74	pA_I
sans	156	170	137	0.19000000000005457	69	74	64	pA_I
le	136	138	135	0.07299999999997908	74	74	73	pA_I
besoin	139	144	136	0.26400000000001	74	76	70	pA_I
de	140	142	138	0.08799999999996544	69	75	65	pA_I
faire	134	135	133	0.1290000000000191	69	71	64	pA_I
le	141	144	134	0.10099999999999909	76	79	71	pA_I
bord	156	454	106	0.25300000000004275	73	80	64	pA_L
ça	118	120	116	0.11199999999996635	68	75	63	pA_B
ira	165	235	100	0.13599999999996726	75	78	72	pA_I
encore	273	345	105	0.23200000000008458	78	80	75	pA_I
plus	201	346	115	0.15299999999990632	71	74	66	pA_I
bas	421	681	119	0.3770000000000664	71	82	60	pA_L
