ouais	NA	NA	NA	0.176862	49	56	37	pA_B
je	NA	NA	NA	0.17369900000000002	41	47	34	pA_I
vais	188	188	188	0.105128	54	56	50	pA_I
voir	NA	NA	NA	0.268485	50	55	40	pA_L
ouais	NA	NA	NA	0.17083999999999988	47	54	37	pA_U
la	244	270	221	0.11581999999999981	63	72	43	pA_B
fée	424	457	270	0.16450999999999993	65	69	59	pA_I
sorcière	220	461	158	0.6716700000000002	55	67	36	pA_L
on	220	233	209	0.11455000000000126	61	69	53	pA_B
y	212	216	208	0.10444999999999993	68	69	67	pA_I
va	269	350	215	0.22499999999999964	61	65	58	pA_L
la	204	214	187	0.13319999999999865	69	80	46	pA_B
fée	391	484	213	0.1997	76	81	71	pA_I
Marine	323	479	246	0.3996000000000013	76	80	71	pA_I
vivait	255	310	208	0.3091999999999988	72	77	61	pA_I
avec	230	258	213	0.28380000000000116	71	78	55	pA_I
sa	216	246	193	0.16530000000000022	74	77	69	pA_I
maman	188	253	173	0.3736999999999995	71	76	54	pA_I
là	217	224	210	0.17290000000000028	74	79	55	pA_I
haut	255	330	221	0.16189999999999927	78	80	74	pA_I
sur	255	331	217	0.22710000000000008	71	75	65	pA_I
un	203	217	195	0.08360000000000056	76	77	75	pA_I
nuage	211	739	169	0.579699999999999	70	78	56	pA_I
dans	208	222	187	0.1595000000000013	72	80	53	pA_I
un	210	224	192	0.1593	76	78	71	pA_I
château	308	463	215	0.5299999999999994	72	83	47	pA_I
aux	210	216	196	0.14620000000000033	70	79	56	pA_I
tours	322	718	226	0.25070000000000014	69	75	53	pA_I
dorées	179	232	147	0.3769999999999989	69	76	53	pA_L
pour	695	708	682	0.11459999999999937	72	80	64	pA_B
son	251	264	243	0.15670000000000073	75	77	71	pA_I
anniversaire	237	736	165	0.8568999999999996	70	78	54	pA_I
elle	188	195	177	0.11370000000000147	75	77	71	pA_I
reçut	234	323	178	0.37849999999999895	71	76	53	pA_I
une	179	199	156	0.2298000000000009	67	74	55	pA_I
baguette	196	236	155	0.33429999999999893	68	74	54	pA_I
magique	178	210	161	0.6014000000000017	59	70	45	pA_L
une	208	219	185	0.24520000000000053	77	82	49	pA_B
bête	230	325	148	0.44399999999999906	72	82	57	pA_I
baguette	223	718	164	0.4306999999999981	70	78	56	pA_I
magique	331	721	165	0.6011000000000024	63	76	55	pA_L
Marine	266	366	182	0.49659999999999727	71	81	47	pA_B
aurait	214	230	195	0.21860000000000213	75	79	65	pA_I
de	201	212	182	0.1191999999999993	75	79	69	pA_I
loin	230	280	183	0.2680000000000007	76	78	73	pA_I
préféré	334	751	193	0.4204000000000008	75	81	65	pA_I
des	199	255	153	0.14589999999999748	71	77	59	pA_I
patins	179	197	165	0.26670000000000016	68	77	53	pA_I
à	162	165	158	0.13840000000000074	73	75	72	pA_I
roulettes	278	347	208	0.5485000000000007	68	78	49	pA_I
mais	265	276	257	0.16399999999999793	71	77	55	pA_I
il	264	277	243	0.1645000000000003	73	76	69	pA_I
n'	244	257	236	0.11749999999999972	75	75	74	pA_I
en	244	257	236	0.11749999999999972	75	75	74	pA_I
était	227	248	211	0.23499999999999943	71	76	59	pA_I
pas	190	195	186	0.12010000000000076	70	78	56	pA_I
question	254	707	164	0.47279999999999944	64	75	51	pA_L
								
pourquoi	385	508	272	0.323599999999999	63	76	46	pA_B
elle	352	487	247	0.1645000000000003	67	72	54	pA_I
dit	231	250	213	0.15670000000000073	65	67	55	pA_I
bête	257	314	208	0.6502000000000017	59	73	47	pA_L
								
parce	112	199	88	0.7746999999999993	67	75	45	pA_B
que	112	199	88	0.7746999999999993	67	75	45	pA_I
pour	312	744	186	0.21030000000000015	70	79	55	pA_I
elle	206	219	191	0.12130000000000152	70	71	67	pA_I
c'	98	211	93	0.25590000000000046	67	70	62	pA_I
est	98	211	93	0.25590000000000046	67	70	62	pA_I
euh	94	208	87	0.37079999999999913	67	69	66	pA_I
une	195	204	168	0.1958999999999982	76	78	70	pA_I
bête	188	206	160	0.22710000000000008	71	79	62	pA_I
baguette	181	195	167	0.2873000000000019	69	77	53	pA_I
magi-	207	233	190	0.21620000000000061	69	74	57	pA_I
c'	206	220	193	0.19369999999999976	70	77	66	pA_I
est	206	220	193	0.19369999999999976	70	77	66	pA_I
une	190	193	187	0.11489999999999867	76	78	73	pA_I
simple	309	720	194	0.3457000000000008	72	78	60	pA_I
baguette	147	201	75	0.33319999999999794	64	72	48	pA_I
magique	205	221	186	0.36780000000000257	64	72	51	pA_I
elle	127	181	78	0.11529999999999774	67	68	65	pA_I
elle	172	182	163	0.11749999999999972	67	69	62	pA_I
voulait	167	174	162	0.16710000000000136	60	66	49	pA_I
quelque	81	84	75	0.14359999999999928	59	67	46	pA_I
chose	91	95	87	0.20629999999999882	60	67	53	pA_I
de	80	84	78	0.12530000000000285	60	65	55	pA_I
beaucoup	84	87	82	0.30290000000000106	55	64	48	pA_I
plus	194	202	189	0.3170999999999964	60	71	48	pA_I
tu	212	223	203	0.0817999999999941	55	69	47	pA_I
vois	204	207	200	0.053400000000003445	71	71	70	pA_I
elle	190	206	177	0.07049999999999557	71	72	71	pA_I
voulait	177	185	161	0.20890000000000697	69	73	66	pA_I
des	161	168	151	0.12279999999999802	67	71	63	pA_I
rollers	153	179	69	0.33160000000000167	67	71	61	pA_I
en	79	79	79	0.11229999999999762	62	64	57	pA_I
fait	NA	NA	NA	0.3680999999999983	55	64	47	pA_L
mais	215	231	198	0.13419999999999987	76	80	68	pA_B
il	260	292	211	0.14630000000000365	76	77	74	pA_I
n'	216	275	189	0.16969999999999885	77	78	75	pA_I
en	216	275	189	0.16969999999999885	77	78	75	pA_I
était	208	249	158	0.31329999999999814	72	78	56	pA_I
pas	210	213	205	0.12279999999999802	69	74	53	pA_I
question	291	605	76	0.4788000000000068	67	81	52	pA_L
tu	318	334	294	0.14809999999999945	69	79	56	pA_B
pourrais	367	409	330	0.2897999999999996	76	85	60	pA_I
te	238	267	207	0.14620000000000033	69	78	56	pA_I
casser	280	346	256	0.30819999999999936	75	79	57	pA_I
le	237	278	217	0.15100000000000335	76	78	74	pA_I
nez	209	219	178	0.13360000000000127	77	78	75	pA_I
en	179	189	168	0.1272999999999982	69	75	55	pA_I
tombant	322	423	251	0.3650999999999982	70	79	50	pA_I
lui	207	231	183	0.17379999999999995	71	76	59	pA_I
dit	202	208	190	0.0945999999999998	67	72	59	pA_I
sa	197	220	182	0.16969999999999885	69	71	67	pA_I
maman	179	187	171	0.3149000000000015	68	72	55	pA_L
ce	221	225	217	0.12650000000000006	65	75	58	pA_B
ne	196	217	188	0.11480000000000246	75	76	71	pA_I
serait	215	232	194	0.35249999999999915	71	75	50	pA_I
pas	157	170	149	0.15400000000000347	69	74	54	pA_I
digne	192	238	148	0.3003	70	75	58	pA_I
d'	174	181	150	0.26379999999999626	66	71	56	pA_I
une	174	181	150	0.26379999999999626	66	71	56	pA_I
fée	179	207	152	0.33320000000000505	63	72	53	pA_L
comme	387	425	346	0.2225000000000037	71	80	54	pA_B
cadeau	216	312	164	0.45019999999999527	67	78	45	pA_I
Marine	256	342	193	0.5641999999999996	70	79	46	pA_I
aurait	215	233	192	0.26240000000000663	71	77	54	pA_I
aussi	288	379	245	0.2819999999999965	72	76	59	pA_I
apprécié	350	744	228	0.4204000000000008	72	79	61	pA_I
de	233	288	210	0.12230000000000274	73	76	69	pA_I
recevoir	214	233	189	0.48919999999999675	72	75	65	pA_I
un	198	215	175	0.09879999999999711	73	75	68	pA_I
bateau	182	203	158	0.39050000000000296	64	74	50	pA_L
il	216	218	213	0.10070000000000334	73	80	58	pA_B
n'	209	215	203	0.13249999999999318	78	79	77	pA_I
en	209	215	203	0.13249999999999318	78	79	77	pA_I
est	186	203	171	0.1933000000000007	65	77	46	pA_I
pas	347	354	338	0.13050000000000495	73	80	59	pA_I
question	280	726	136	0.44950000000000045	70	79	54	pA_L
								
s'	179	204	168	0.5439000000000007	64	74	47	pA_B
exclama	179	204	168	0.5439000000000007	64	74	47	pA_I
sa	368	746	166	0.1658000000000044	66	69	60	pA_I
maman	145	166	68	0.32260000000000133	64	68	55	pA_L
								
tu	190	190	189	0.1355000000000004	63	69	55	pA_B
pourrais	278	678	156	0.2845999999999975	73	81	58	pA_I
basculer	207	250	156	0.4830000000000041	72	81	58	pA_I
dans	199	232	164	0.1933000000000007	75	77	69	pA_I
l'	236	252	213	0.21829999999999927	71	76	58	pA_I
eau	236	252	213	0.21829999999999927	71	76	58	pA_I
ta	310	321	302	0.12199999999999989	78	82	71	pA_I
robe	301	312	285	0.18019999999999925	76	83	64	pA_I
serait	308	735	191	0.35249999999999915	74	76	70	pA_I
dégoutante	296	428	188	0.597999999999999	70	82	45	pA_I
et	279	320	255	0.0887999999999991	70	77	56	pA_I
ton	245	248	230	0.10179999999999723	71	77	59	pA_I
chapeau	301	415	218	0.39170000000000016	74	82	54	pA_I
bon	296	425	171	0.2950000000000017	75	81	68	pA_I
à	372	403	345	0.10960000000000036	75	77	71	pA_I
jeter	237	370	172	0.38410000000000366	65	78	50	pA_L
les	199	209	193	0.15959999999999752	77	82	54	pA_B
fées	404	715	245	0.21280000000000143	77	82	70	pA_I
devaient	209	245	193	0.24190000000000111	75	81	66	pA_I
toujours	267	285	232	0.2897999999999996	73	77	60	pA_I
être	333	737	208	0.2558999999999969	72	81	60	pA_I
gentilles	199	218	173	0.6163000000000025	70	77	52	pA_I
et	218	226	203	0.14880000000000138	71	81	56	pA_I
propres	363	683	247	0.4690000000000012	68	82	51	pA_I
manger	209	234	187	0.310299999999998	76	80	65	pA_I
leurs	195	222	180	0.25850000000000506	67	78	55	pA_I
tartes	201	208	193	0.2633999999999972	65	75	52	pA_I
sans	195	204	189	0.14620000000000033	73	75	69	pA_I
faire	201	222	188	0.18540000000000134	69	75	62	pA_I
de	201	217	184	0.11749999999999972	73	77	69	pA_I
miettes	194	213	183	0.4596000000000018	71	78	60	pA_I
boire	194	215	167	0.24279999999999546	72	77	65	pA_I
le	220	228	203	0.1880000000000024	70	79	53	pA_I
thé	224	231	216	0.16449999999999676	69	77	50	pA_I
sans	224	232	218	0.16190000000000282	74	77	71	pA_I
en	214	221	203	0.12539999999999907	73	75	70	pA_I
renverser	256	736	190	0.6672000000000011	69	76	49	pA_I
porter	336	689	229	0.3014999999999972	68	79	51	pA_I
une	238	244	235	0.17490000000000805	76	76	76	pA_I
robe	236	244	224	0.23239999999999839	71	78	58	pA_I
sans	244	254	230	0.25329999999999586	70	75	51	pA_I
tache	235	674	182	0.40569999999999595	68	76	50	pA_I
raconter	245	345	157	0.5525999999999982	68	79	49	pA_I
de	168	179	156	0.10699999999999932	70	76	62	pA_I
leurs	181	194	165	0.14650000000000318	72	77	65	pA_I
voix	177	190	162	0.16689999999999827	69	74	63	pA_I
mielleuses	211	264	167	0.5404000000000053	74	79	62	pA_I
des	189	195	178	0.14099999999999113	70	76	61	pA_I
histoires	195	221	172	0.44130000000001246	66	74	54	pA_I
douces	253	726	162	0.30289999999999395	69	73	64	pA_I
et	178	195	169	0.11490000000000578	63	75	50	pA_I
tendres	189	221	169	0.49609999999999843	65	74	52	pA_I
et	212	292	188	0.22829999999999018	68	77	50	pA_I
de	162	190	148	0.19840000000000657	63	71	48	pA_I
temps	280	291	271	0.16449999999998965	66	76	45	pA_I
en	208	275	187	0.22460000000000946	70	76	53	pA_I
temps	209	237	195	0.24159999999999116	63	75	50	pA_I
agiter	258	304	221	0.5168000000000035	69	79	51	pA_I
leur	213	264	174	0.09749999999999659	69	72	59	pA_I
baguette	193	239	151	0.42739999999999156	65	73	50	pA_I
magique	241	703	151	0.49390000000001066	61	72	53	pA_L
								
regarde	334	440	251	0.4251999999999896	71	77	57	pA_B
le	254	353	128	0.1880000000000024	75	78	68	pA_I
gros	254	427	123	0.4544000000000068	75	82	50	pA_I
ca-	230	325	139	0.3194000000000017	73	82	54	pA_I
euh	243	276	215	0.3790000000000049	78	84	61	pA_I
gâteau	267	434	155	0.7578000000000031	71	85	48	pA_I
regarde	289	404	161	0.3405000000000058	74	80	58	pA_I
le	274	318	239	0.15930000000000177	73	75	67	pA_I
gros	279	309	233	0.3708000000000027	73	78	64	pA_I
gâteau	282	308	253	0.5405999999999978	67	76	47	pA_I
comme	248	291	234	0.216700000000003	67	71	51	pA_I
il	239	247	233	0.23579999999999757	69	70	67	pA_I
est	253	279	240	0.2149999999999892	67	72	54	pA_I
il	189	255	115	0.1174000000000035	66	70	60	pA_I
est	231	237	220	0.17610000000000525	72	74	67	pA_I
beau	263	295	218	0.3064999999999998	70	73	64	pA_I
hein	234	260	217	0.16319999999998913	65	71	59	pA_L
								
c'	216	228	205	0.13970000000000482	64	78	56	pA_B
est	216	228	205	0.13970000000000482	64	78	56	pA_I
une	196	205	187	0.0782999999999987	77	80	73	pA_I
cerise	303	563	170	0.5816999999999979	68	75	58	pA_L
								
ah	600	782	334	0.26319999999999766	75	83	68	pA_B
c'	301	469	260	0.2506999999999948	68	74	64	pA_I
est	301	469	260	0.2506999999999948	68	74	64	pA_I
une	249	260	227	0.13060000000000116	71	74	66	pA_I
cerise	320	429	229	0.7957000000000107	65	75	50	pA_L
								
hm	200	240	181	0.1833999999999918	64	72	53	pA_B
hm	210	253	186	0.24670000000000414	63	70	46	pA_L
								
je	NA	NA	NA	0.11020000000000607	50	52	48	pA_B
savais	186	238	117	0.330600000000004	58	66	50	pA_I
pas	196	291	127	0.1285999999999916	62	67	54	pA_I
moi	257	292	221	0.20199999999999818	61	69	46	pA_L
								
Marine	285	377	194	0.5714000000000112	73	79	53	pA_B
trouvait	315	690	252	0.3211999999999904	70	80	61	pA_I
les	233	258	212	0.15930000000000177	74	78	72	pA_I
fées	514	727	280	0.3889999999999958	71	76	66	pA_I
terriblement	244	309	195	0.6816000000000031	71	78	52	pA_I
ennuyeuses	201	253	169	0.8830000000000098	68	78	45	pA_I
malheureusement	189	216	162	0.7950999999999908	72	81	53	pA_I
elle	156	168	148	0.161200000000008	65	71	49	pA_I
en	152	164	148	0.12009999999999366	67	67	66	pA_I
était	155	180	79	0.3003000000000071	61	71	51	pA_I
une	193	203	172	0.309599999999989	61	66	53	pA_L
								
et	370	553	230	0.2283000000000044	75	81	59	pA_B
elle	333	713	263	0.2271999999999963	76	79	62	pA_I
avait	279	290	261	0.38640000000000896	76	78	74	pA_I
une	266	277	230	0.17749999999999488	76	78	72	pA_I
grande	256	363	142	0.7390000000000043	76	82	66	pA_I
euh	239	263	221	1.1685999999999979	73	79	49	pA_L
								
ça	208	209	205	0.18659999999999854	57	61	53	pA_B
c'	206	217	188	0.2582000000000022	64	74	52	pA_I
est	206	217	188	0.2582000000000022	64	74	52	pA_I
quoi	198	226	183	0.2541999999999973	65	71	49	pA_L
								
une	251	295	226	0.29749999999999943	71	75	55	pA_B
grande	255	287	224	0.7553000000000054	68	75	46	pA_I
bouillo-	237	257	219	0.633499999999998	67	72	57	pA_I
bouill-	246	263	150	0.9322000000000088	59	70	43	pA_L
								
c'	262	262	262	0.12000000000000455	61	68	55	pA_B
est	262	262	262	0.12000000000000455	61	68	55	pA_I
une	245	262	229	0.12009999999999366	71	73	67	pA_I
bouillote	307	467	228	0.26890000000000214	67	72	49	pA_I
ça	187	206	170	0.23749999999999716	58	69	43	pA_L
								
euh	257	259	251	0.12019999999999698	61	73	42	pA_B
non	234	253	221	0.238900000000001	66	73	54	pA_L
								
si	448	507	405	0.2483000000000004	60	69	46	pA_U
une	201	229	189	0.1950000000000074	69	75	56	pA_B
théière	237	346	196	0.5587999999999909	62	73	45	pA_L
Marine	284	365	202	0.3919999999999959	78	82	69	pA_B
aurait	246	282	233	0.1770000000000067	75	79	64	pA_I
préféré	317	637	249	0.49099999999999966	75	81	62	pA_I
être	218	269	205	0.17199999999999704	71	78	64	pA_I
une	258	268	236	0.10699999999999932	78	79	75	pA_I
sorcière	142	227	77	0.6490000000000009	66	78	48	pA_L
les	238	255	211	0.13500000000000512	76	82	65	pA_B
sorcières	220	251	200	0.6569999999999965	73	79	55	pA_I
elles	191	214	176	0.3299999999999983	70	77	51	pA_I
avaient	253	304	204	0.22499999999999432	77	81	70	pA_I
le	232	298	188	0.12000000000000455	77	80	72	pA_I
droit	223	265	187	0.2009999999999934	74	79	68	pA_I
de	203	257	178	0.1150000000000091	73	74	71	pA_I
se	186	191	182	0.13100000000000023	71	72	70	pA_I
salir	198	233	181	0.46699999999999875	74	78	67	pA_I
de	180	188	171	0.17499999999999716	63	74	47	pA_I
crier	229	278	194	0.4210000000000065	69	76	48	pA_I
de	189	215	167	0.18799999999998818	67	72	58	pA_I
patiner	231	320	199	0.5829999999999984	71	81	47	pA_I
et	171	190	149	0.10500000000000398	68	76	57	pA_I
de	165	179	147	0.10500000000000398	70	75	63	pA_I
naviguer	224	275	175	0.5280000000000058	73	77	63	pA_I
à	192	245	169	0.1280000000000001	71	75	65	pA_I
bord	216	225	195	0.14599999999998658	74	82	68	pA_I
d'	188	198	173	0.14400000000000546	72	74	67	pA_I
un	188	198	173	0.14400000000000546	72	74	67	pA_I
bateau	170	176	162	0.3160000000000025	63	71	54	pA_L
un	258	266	242	0.13299999999999557	66	77	49	pA_B
beau	219	255	186	0.17100000000000648	76	77	72	pA_I
jour	182	211	170	0.36299999999999955	67	70	52	pA_I
Marine	189	213	154	0.5139999999999958	73	79	52	pA_I
dit	255	685	147	0.30400000000000205	67	72	61	pA_L
								
je	287	321	246	0.1840000000000117	72	82	53	pA_B
veux	295	316	263	0.16499999999999204	76	80	72	pA_I
être	325	436	247	0.29000000000000625	71	80	61	pA_I
une	249	275	227	0.11199999999999477	76	78	73	pA_I
sorcière	207	343	156	0.6219999999999999	70	79	46	pA_L
								
sa	181	194	173	0.2190000000000083	64	72	48	pA_B
maman	185	250	164	0.30299999999999727	71	72	68	pA_I
sursauta	228	251	190	0.5430000000000064	68	77	51	pA_I
d'	189	740	148	0.4649999999999892	70	77	57	pA_I
horreur	189	740	148	0.4649999999999892	70	77	57	pA_L
								
sorcière	364	699	155	0.9369999999999976	73	84	51	pA_B
s'	204	222	186	0.4709999999999894	63	73	46	pA_I
écria	204	222	186	0.4709999999999894	63	73	46	pA_I
elle	254	322	165	0.35300000000000864	62	68	49	pA_I
tu	299	304	286	0.11599999999999966	70	81	54	pA_I
ne	251	286	209	0.08599999999999852	80	82	75	pA_I
te	209	223	187	0.12000000000000455	75	80	66	pA_I
sens	155	175	141	0.17799999999999727	69	75	57	pA_I
pas	217	255	185	0.11800000000000921	75	80	59	pA_I
bien	330	424	230	0.2079999999999984	74	77	68	pA_I
Marine	218	407	166	0.5069999999999908	69	75	47	pA_L
tu	261	293	211	0.1419999999999959	70	78	53	pA_B
devrais	227	287	193	0.29400000000001114	76	81	70	pA_I
avoir	199	271	164	0.37299999999999045	70	80	46	pA_I
honte	257	322	168	0.5380000000000109	63	74	49	pA_L
								
Marine	261	330	209	0.33099999999998886	72	78	51	pA_B
n'	229	313	189	0.3300000000000125	72	76	52	pA_I
avait	229	313	189	0.3300000000000125	72	76	52	pA_I
pas	210	223	193	0.16699999999998738	69	77	48	pA_I
honte	237	273	189	0.26400000000001	73	76	69	pA_I
du	183	189	179	0.1280000000000001	66	71	48	pA_I
tout	599	599	598	0.269999999999996	56	64	46	pA_L
elle	184	691	80	0.1559999999999917	69	73	58	pA_B
frappa	490	745	230	0.3370000000000033	72	80	55	pA_I
du	200	230	186	0.17300000000000182	71	76	65	pA_I
pied	247	424	203	0.28600000000000136	68	76	59	pA_I
et	195	419	176	0.12300000000000466	72	76	63	pA_I
hurla	180	202	158	0.3739999999999952	70	76	58	pA_I
je	249	334	193	0.2189999999999941	73	82	67	pA_I
veux	301	330	285	0.1700000000000017	74	78	70	pA_I
être	322	367	275	0.3050000000000068	72	81	61	pA_I
une	302	330	282	0.1280000000000001	72	74	71	pA_I
sorcière	327	342	299	0.6349999999999909	74	80	65	pA_I
j'	288	299	280	0.15100000000001046	70	74	64	pA_I
en	288	299	280	0.15100000000001046	70	74	64	pA_I
suis	295	313	278	0.1880000000000024	71	75	66	pA_I
sûre	311	337	288	0.3059999999999974	75	79	70	pA_I
et	274	288	263	0.07799999999998875	74	75	72	pA_I
certaine	262	649	173	0.6570000000000107	69	79	55	pA_L
								
les	194	202	179	0.18199999999998795	72	79	56	pA_B
autres	294	651	178	0.3569999999999993	70	78	60	pA_I
fées	178	212	158	0.20599999999998886	67	72	62	pA_I
s'	258	701	179	0.804000000000002	70	79	51	pA_I
approchèrent	258	701	179	0.804000000000002	70	79	51	pA_I
et	186	226	156	0.1570000000000107	65	74	50	pA_I
dirent	167	185	157	0.42099999999999227	63	70	55	pA_L
								
les	224	713	167	0.12399999999999523	71	75	64	pA_B
sorcières	332	726	249	0.632000000000005	75	80	65	pA_I
sont	190	212	173	0.20400000000000773	72	77	65	pA_I
d'	212	274	159	0.4490000000000123	72	80	52	pA_I
horribles	212	274	159	0.4490000000000123	72	80	52	pA_I
crâneuses	215	252	196	0.6239999999999952	72	80	51	pA_I
elles	174	179	166	0.18799999999998818	67	74	54	pA_I
concoctent	222	266	169	0.47800000000000864	69	79	52	pA_I
des	162	169	152	0.12999999999999545	65	71	53	pA_I
potions	148	207	67	0.35499999999998977	69	76	64	pA_I
dangereuses	226	271	77	0.507000000000005	72	79	58	pA_I
pour	297	749	153	0.14400000000000546	66	72	58	pA_I
vous	152	154	151	0.12000000000000455	62	66	51	pA_I
transformer	239	283	190	0.563999999999993	73	79	56	pA_I
en	190	233	168	0.12000000000000455	64	72	52	pA_I
crapaud	215	240	154	0.44899999999998386	63	79	50	pA_L
								
mais	216	221	210	0.13100000000000023	71	76	51	pA_B
rien	225	258	199	0.19299999999998363	73	74	70	pA_I
n'	245	259	222	0.12800000000001432	74	75	68	pA_I
y	245	259	222	0.12800000000001432	74	75	68	pA_I
fit	195	226	182	0.2560000000000002	60	64	51	pA_L
Marine	219	247	187	0.4899999999999807	75	80	51	pA_B
voulait	147	208	91	0.24500000000000455	72	76	66	pA_I
devenir	184	203	87	0.4519999999999982	72	77	60	pA_I
sorcière	125	172	88	0.5860000000000127	64	71	52	pA_L
								
une	262	293	235	0.1769999999999925	70	76	53	pA_B
fée	239	255	225	0.18799999999998818	67	75	62	pA_I
sorcière	295	721	227	0.6009999999999991	68	80	61	pA_I
ça	364	695	238	0.17500000000001137	66	68	64	pA_I
n'	246	736	215	0.7589999999999861	66	76	54	pA_I
existe	246	736	215	0.7589999999999861	66	76	54	pA_I
pas	273	299	260	0.16500000000002046	75	81	55	pA_I
en	297	309	277	0.125	77	80	66	pA_I
plus	346	708	235	0.32399999999998386	70	81	64	pA_I
hein	226	237	216	0.1839999999999975	64	69	55	pA_L
								
ben	125	201	81	0.24899999999999523	66	73	52	pA_B
pourquoi	175	198	168	0.39099999999999113	58	70	49	pA_I
pas	191	211	175	0.17500000000001137	61	66	54	pA_L
après	NA	NA	NA	0.2109999999999843	55	63	51	pA_B
il	93	94	92	0.08400000000000318	61	67	54	pA_I
n'	94	96	91	0.07500000000001705	67	67	66	pA_I
y	94	96	91	0.07500000000001705	67	67	66	pA_I
a	85	91	80	0.09399999999999409	64	66	61	pA_I
pas	79	79	79	0.16200000000000614	59	65	51	pA_I
de	174	174	174	0.049000000000006594	61	64	59	pA_I
règle	181	305	79	0.2109999999999843	62	66	53	pA_I
hein	186	198	177	0.16800000000000637	64	68	52	pA_L
								
je	212	232	184	0.1980000000000075	71	79	54	pA_B
n'	232	243	223	0.2580000000000098	67	78	47	pA_I
ai	232	243	223	0.2580000000000098	67	78	47	pA_I
que	355	363	345	0.17599999999998772	67	80	46	pA_I
faire	317	353	259	0.38400000000001455	73	80	66	pA_I
d'	215	259	200	0.19799999999997908	75	79	71	pA_I
une	215	259	200	0.19799999999997908	75	79	71	pA_I
sorcière	209	307	159	0.8400000000000034	74	82	60	pA_I
gronda	176	209	157	0.3340000000000032	68	73	59	pA_I
la	159	164	153	0.11100000000001842	68	69	67	pA_I
maman	151	160	141	0.2779999999999916	64	68	53	pA_L
je	220	281	173	0.20999999999997954	75	80	66	pA_B
veux	300	359	241	0.2400000000000091	73	78	66	pA_I
une	256	287	224	0.1279999999999859	76	78	71	pA_I
fée	321	343	224	0.285000000000025	73	78	70	pA_I
docile	292	405	180	0.542999999999978	76	81	67	pA_I
et	251	303	224	0.09400000000002251	73	76	71	pA_I
soignée	241	300	169	0.5249999999999773	72	78	56	pA_L
								
mais	266	319	218	0.146000000000015	75	79	58	pA_B
moi	393	489	318	0.22699999999997544	79	81	76	pA_I
je	411	475	373	0.12100000000000932	77	80	71	pA_I
veux	361	373	349	0.12999999999999545	77	80	73	pA_I
être	355	386	341	0.20600000000001728	74	80	67	pA_I
une	347	386	330	0.10499999999998977	75	77	71	pA_I
sorcière	278	442	82	0.695999999999998	73	81	48	pA_I
insista	199	216	186	0.38800000000000523	65	72	55	pA_I
Marine	173	188	160	0.48399999999998045	64	71	51	pA_L
								
dans	233	297	171	0.16300000000001091	72	81	57	pA_B
ce	316	337	297	0.19499999999999318	77	80	69	pA_I
cas	374	400	353	0.17900000000000205	72	82	53	pA_I
va	286	387	196	0.17900000000000205	76	83	68	pA_I
en	193	326	142	0.23900000000000432	67	80	55	pA_L
								
répliqua	198	222	185	0.4189999999999827	64	74	51	pA_B
la	179	186	172	0.14800000000002456	70	72	69	pA_I
maman	169	176	162	0.27499999999997726	67	70	56	pA_I
furieuse	182	264	72	0.7840000000000202	64	77	48	pA_L
								
cet	344	348	334	0.18799999999998818	75	83	55	pA_B
endroit	341	370	307	0.4310000000000116	76	85	63	pA_I
est	324	346	289	0.12000000000000455	79	83	72	pA_I
trop	332	335	327	0.18000000000000682	72	82	60	pA_I
beau	283	367	255	0.20199999999999818	72	80	58	pA_I
pour	305	367	257	0.15399999999999636	67	77	56	pA_I
toi	188	209	176	0.2189999999999941	71	79	57	pA_I
ta	233	238	229	0.16200000000000614	71	81	55	pA_I
place	400	684	233	0.17199999999999704	72	79	59	pA_I
n'	272	317	240	0.13300000000000978	70	75	61	pA_I
est	272	317	240	0.13300000000000978	70	75	61	pA_I
plus	262	276	248	0.18299999999999272	72	78	62	pA_I
ici	318	434	250	0.3189999999999884	74	78	69	pA_I
mais	253	426	177	0.1640000000000157	75	80	69	pA_I
bien	265	331	178	0.19700000000000273	72	76	66	pA_I
dans	248	272	232	0.09299999999998931	75	77	71	pA_I
le	199	232	176	0.16399999999998727	73	76	69	pA_I
bois	236	281	173	0.13400000000001455	76	82	65	pA_I
des	239	271	211	0.103999999999985	73	76	67	pA_I
sorcières	218	725	71	0.5889999999999986	67	76	49	pA_L
								
si	279	286	270	0.15800000000001546	66	73	53	pA_B
c'	298	316	270	0.17099999999999227	74	77	63	pA_I
est	298	316	270	0.17099999999999227	74	77	63	pA_I
comme	266	294	246	0.15000000000000568	73	78	59	pA_I
ça	272	283	245	0.17900000000000205	74	77	69	pA_I
je	268	277	260	0.09399999999999409	68	72	65	pA_I
m'	243	260	218	0.13399999999998613	73	75	72	pA_I
en	243	260	218	0.13399999999998613	73	75	72	pA_I
vais	174	218	160	0.24100000000001387	63	72	50	pA_L
								
soupira	192	225	171	0.4230000000000018	65	75	53	pA_B
Marine	182	203	167	0.3710000000000093	70	75	60	pA_I
en	179	183	162	0.11199999999999477	66	71	62	pA_I
s'	165	201	148	0.46700000000001296	67	72	57	pA_L
envolant	165	201	148	0.46700000000001296	67	72	57	pA_L
								
sa	175	199	157	0.1839999999999975	67	74	47	pA_B
maman	160	205	146	0.25899999999998613	70	76	68	pA_I
la	197	216	158	0.11400000000000432	74	76	70	pA_I
regarda	159	189	147	0.42900000000000205	67	73	57	pA_I
partir	212	680	77	0.5370000000000061	61	71	47	pA_L
								
elle	216	224	203	0.14400000000000546	68	75	48	pA_B
ne	197	203	187	0.10999999999998522	73	76	65	pA_I
tardera	190	209	176	0.3760000000000048	70	73	61	pA_I
pas	185	194	177	0.125	69	74	57	pA_I
à	171	177	165	0.09100000000000819	69	70	67	pA_I
revenir	182	216	155	0.45400000000000773	67	73	49	pA_I
se	194	210	182	0.12100000000000932	60	71	48	pA_I
dit	162	182	155	0.21599999999997976	57	70	44	pA_I
elle	80	81	79	0.27000000000001023	58	66	47	pA_L
								
où	304	323	297	0.14799999999999613	79	83	67	pA_B
est	356	453	297	0.1570000000000107	81	83	76	pA_I
Marine	303	458	211	0.6859999999999786	76	84	52	pA_L
								
le	173	190	160	0.1599999999999966	69	75	52	pA_B
bois	212	267	149	0.24800000000001887	75	81	63	pA_I
des	196	255	174	0.1209999999999809	71	74	69	pA_I
sorcières	292	707	216	0.5889999999999986	75	79	69	pA_I
n'	191	236	158	0.21100000000001273	64	78	44	pA_I
est	191	236	158	0.21100000000001273	64	78	44	pA_I
pas	243	252	208	0.1279999999999859	76	80	67	pA_I
un	177	208	158	0.14100000000001955	74	77	71	pA_I
endroit	191	231	158	0.4590000000000032	74	80	59	pA_I
pour	171	185	165	0.15500000000000114	76	84	72	pA_I
une	171	176	159	0.1279999999999859	71	73	70	pA_I
fée	174	188	149	0.30400000000000205	68	79	60	pA_L
Marine	210	287	167	0.27599999999998204	69	73	50	pA_B
elle	216	279	180	0.11100000000001842	71	73	69	pA_I
s'	336	712	173	0.43899999999999295	70	77	58	pA_I
envole	336	712	173	0.43899999999999295	70	77	58	pA_I
regarde	196	339	167	0.4819999999999993	67	73	51	pA_L
regarde	200	211	194	0.3919999999999959	68	74	49	pA_U
elle	195	216	183	0.1570000000000107	70	75	54	pA_B
a	473	505	444	0.03999999999999204	64	66	62	pA_I
pris	375	679	256	0.12600000000000477	74	77	71	pA_I
ses	216	256	185	0.1490000000000009	72	76	69	pA_I
cliques	416	754	188	0.23799999999999955	64	71	49	pA_I
ses	219	254	191	0.1560000000000059	74	77	66	pA_I
claques	245	306	220	0.27599999999998204	64	74	54	pA_I
et	235	260	217	0.04800000000000182	71	72	70	pA_I
elle	214	223	207	0.08100000000001728	66	70	60	pA_I
s'	186	220	173	0.5370000000000061	67	72	52	pA_I
envole	186	220	173	0.5370000000000061	67	72	52	pA_L
								
pourquoi	313	414	212	0.2920000000000016	70	80	57	pA_B
ses	319	440	239	0.18799999999998818	68	73	60	pA_I
cliques	286	309	262	0.24500000000000455	64	70	57	pA_I
et	277	305	257	0.1150000000000091	69	71	63	pA_I
ses	264	276	249	0.20999999999997954	61	69	49	pA_I
claques	309	347	289	0.3200000000000216	61	69	47	pA_I
parce	264	294	249	0.3789999999999907	61	70	46	pA_I
que	264	294	249	0.3789999999999907	61	70	46	pA_I
elle	256	259	252	0.14300000000000068	66	67	65	pA_I
veut	254	257	252	0.07099999999999795	65	66	64	pA_I
aller	250	256	231	0.22700000000000387	65	68	63	pA_I
vivre	347	539	224	0.4129999999999825	65	75	53	pA_L
								
ben	190	206	174	0.14999999999997726	65	68	56	pA_B
oui	169	201	160	0.17000000000001592	66	69	65	pA_I
elle	233	261	201	0.0660000000000025	68	69	66	pA_I
veut	238	260	205	0.125	62	65	50	pA_I
partir	250	726	185	0.3789999999999907	61	69	53	pA_I
vivre	213	230	182	0.15800000000001546	67	70	61	pA_I
avec	219	229	197	0.21399999999999864	64	70	56	pA_I
les	297	713	214	0.0759999999999934	68	70	61	pA_I
sorcières	232	709	91	0.7139999999999986	60	69	45	pA_L
je	NA	NA	NA	0.13300000000000978	59	62	55	pA_B
continue	308	523	225	0.42199999999999704	65	73	56	pA_L
								
oui	236	268	229	0.22100000000000364	58	63	53	pA_U
								
mais	197	206	180	0.21100000000001273	77	80	60	pA_B
la	166	180	155	0.14500000000001023	75	76	71	pA_I
maman	174	225	154	0.27299999999999613	72	75	71	pA_I
se	172	220	157	0.16200000000000614	68	71	60	pA_I
trompait	288	733	127	0.45699999999999363	64	73	52	pA_L
le	194	203	183	0.1699999999999875	75	80	64	pA_B
bois	220	268	165	0.2150000000000034	74	77	66	pA_I
des	211	259	187	0.1349999999999909	70	74	63	pA_I
sorcières	298	730	211	0.554000000000002	69	76	48	pA_I
convenait	209	231	191	0.5480000000000018	66	77	51	pA_I
parfaitement	316	729	209	0.7210000000000036	67	76	53	pA_I
à	187	213	176	0.10099999999999909	66	70	58	pA_I
Marine	164	185	150	0.507000000000005	65	73	52	pA_L
elle	270	275	265	0.132000000000005	65	71	54	pA_B
se	259	270	247	0.2400000000000091	66	74	50	pA_I
construisit	333	745	190	0.5849999999999795	68	77	53	pA_I
une	184	192	180	0.19900000000001228	68	75	55	pA_I
magnifique	294	666	175	0.4509999999999934	68	78	50	pA_I
cabane	192	256	167	0.5800000000000125	66	76	49	pA_I
ainsi	303	701	200	0.4129999999999825	71	76	56	pA_I
qu'	209	251	182	0.18500000000000227	69	75	55	pA_I
un	209	251	182	0.18500000000000227	69	75	55	pA_I
bateau	250	313	181	0.38400000000001455	66	76	52	pA_I
à	140	190	81	0.20900000000000318	65	74	61	pA_I
bord	204	225	157	0.20899999999997476	70	74	66	pA_I
duquel	249	299	195	0.43300000000002115	67	73	60	pA_I
elle	182	185	177	0.1599999999999966	73	75	70	pA_I
navigua	217	682	176	0.42799999999999727	71	75	64	pA_I
sur	364	631	185	0.14300000000000068	66	73	59	pA_I
la	181	185	177	0.10499999999998977	69	69	68	pA_I
rivière	160	180	77	0.5460000000000207	63	71	49	pA_L
pour	690	696	682	0.11899999999999977	69	79	62	pA_B
se	288	291	283	0.13899999999998158	72	74	69	pA_I
nourrir	202	284	167	0.4660000000000082	68	75	51	pA_I
elle	210	220	199	0.1670000000000016	69	76	57	pA_I
cueillit	250	274	228	0.3049999999999784	71	78	56	pA_I
des	196	243	164	0.14700000000001978	72	78	65	pA_I
baies	188	257	149	0.30299999999999727	67	77	50	pA_I
et	167	187	150	0.10099999999999909	66	72	53	pA_I
des	188	193	183	0.14099999999999113	69	76	59	pA_I
noisettes	208	716	79	0.6839999999999975	63	73	50	pA_L
de	238	292	188	0.17799999999999727	69	77	57	pA_B
plus	279	573	202	0.5130000000000052	66	77	50	pA_I
les	227	240	218	0.09999999999999432	73	78	59	pA_I
sorcières	345	690	277	0.5320000000000107	75	79	68	pA_I
n'	279	603	209	0.2330000000000041	71	76	61	pA_I
étaient	279	603	209	0.2330000000000041	71	76	61	pA_I
absolument	289	745	208	0.6059999999999945	73	78	63	pA_I
pas	251	263	231	0.125	73	78	58	pA_I
d'	199	240	163	0.3789999999999907	70	75	57	pA_I
horribles	199	240	163	0.3789999999999907	70	75	57	pA_I
crâneuses	174	212	76	0.6690000000000111	65	76	51	pA_L
au	248	356	153	0.125	71	78	62	pA_B
contraire	378	716	299	0.6329999999999814	67	75	51	pA_I
elles	251	270	224	0.23799999999999955	66	76	50	pA_I
étaient	365	702	236	0.3499999999999943	68	79	55	pA_I
adorables	244	302	193	0.5530000000000257	73	79	57	pA_I
avec	189	194	177	0.24799999999999045	68	73	53	pA_I
Marine	183	203	171	0.4679999999999893	67	75	49	pA_L
une	299	324	257	0.1599999999999966	73	75	69	pA_B
d'	241	269	215	0.3440000000000225	71	77	58	pA_I
entre	241	269	215	0.3440000000000225	71	77	58	pA_I
elles	221	233	212	0.21999999999999886	69	74	59	pA_I
lui	206	223	193	0.10899999999998045	66	72	57	pA_I
prêta	349	682	202	0.32200000000000273	66	75	55	pA_I
même	236	273	199	0.20600000000001728	73	75	70	pA_I
ses	211	255	188	0.242999999999995	65	72	60	pA_I
patins	334	744	217	0.22199999999998	68	74	59	pA_I
à	208	241	176	0.10400000000001342	72	74	69	pA_I
roulettes	333	728	151	0.5300000000000011	65	73	58	pA_L
Marine	192	223	164	0.3200000000000216	72	76	56	pA_B
se	194	207	180	0.1670000000000016	71	74	67	pA_I
mit	206	239	179	0.1379999999999768	73	76	68	pA_I
à	178	194	167	0.13900000000001	64	73	55	pA_I
patiner	204	246	174	0.5790000000000077	67	78	50	pA_I
en	155	161	146	0.13100000000000023	62	69	47	pA_I
serpentant	210	242	189	0.7069999999999936	68	80	48	pA_I
entre	348	707	158	0.3060000000000116	64	71	50	pA_I
les	103	183	80	0.1279999999999859	66	70	66	pA_I
arbres	154	316	75	0.24899999999999523	66	72	62	pA_L
								
où	289	290	288	0.0589999999999975	76	79	73	pA_B
elle	259	288	226	0.15200000000001523	74	81	64	pA_I
est	282	287	266	0.06999999999999318	74	76	73	pA_I
Marine	304	363	246	0.7129999999999939	72	81	47	pA_L
								
elle	208	228	198	0.132000000000005	72	76	54	pA_B
est	206	209	199	0.06799999999998363	77	77	76	pA_I
là	206	238	196	0.13000000000002387	73	75	69	pA_I
sur	225	240	210	0.19299999999998363	64	69	56	pA_I
le	206	212	191	0.07900000000000773	70	71	69	pA_I
bateau	205	224	183	0.4619999999999891	62	71	43	pA_L
								
elle	277	283	259	0.15100000000001046	68	76	49	pA_B
est	257	272	229	0.1599999999999966	71	75	65	pA_I
belle	150	272	100	0.27899999999999636	71	76	64	pA_I
hein	231	281	105	0.19700000000000273	62	70	46	pA_L
								
tu	NA	NA	NA	0.06800000000001205	53	61	47	pA_B
as	109	114	105	0.09399999999999409	67	69	64	pA_I
vu	138	174	113	0.18600000000000705	60	65	47	pA_L
bon	211	223	201	0.10000000000002274	68	73	59	pA_B
là	217	220	212	0.10999999999998522	75	75	74	pA_I
on	207	217	199	0.060000000000002274	75	76	75	pA_I
la	192	199	187	0.06499999999999773	73	75	69	pA_I
voit	189	197	185	0.13599999999999568	68	72	59	pA_I
pas	222	224	219	0.07800000000000296	71	75	64	pA_I
faire	378	677	200	0.16499999999999204	69	72	64	pA_I
du	191	200	188	0.14100000000001955	60	69	51	pA_I
patin	216	289	97	0.3289999999999793	59	68	47	pA_I
mais	234	287	220	0.34300000000001774	64	69	51	pA_I
mais	211	222	197	0.09600000000000364	63	70	53	pA_I
regarde	220	252	193	0.31800000000001205	70	74	60	pA_I
ce	NA	NA	NA	0.125	59	66	46	pA_I
qu'	265	279	253	0.08899999999999864	60	68	44	pA_I
est	265	279	253	0.08899999999999864	60	68	44	pA_I
ce	253	253	253	0.11299999999999955	65	67	59	pA_I
qui	NA	NA	NA	0.07299999999997908	55	59	51	pA_I
est	221	245	203	0.07800000000000296	68	70	65	pA_I
rigolo	201	227	185	0.5700000000000216	67	73	45	pA_I
tu	207	210	205	0.09000000000000341	59	70	49	pA_I
as	206	212	204	0.06999999999999318	69	70	68	pA_I
vu	249	276	212	0.19300000000001205	60	67	49	pA_I
la	240	264	217	0.17199999999999704	68	72	56	pA_I
tête	237	261	220	0.2009999999999934	59	72	48	pA_I
qu'	223	247	207	0.17000000000001592	63	71	49	pA_I
elles	223	247	207	0.17000000000001592	63	71	49	pA_I
ont	248	378	124	0.13399999999998613	66	68	63	pA_I
les	327	349	306	0.13400000000001455	60	65	52	pA_I
sorcières	386	700	134	0.4029999999999916	64	76	51	pA_L
								
ah	414	450	350	0.4650000000000034	65	71	50	pA_B
ils	399	711	301	0.3050000000000068	65	75	59	pA_I
ont	329	357	286	0.2009999999999934	73	75	70	pA_I
des	321	343	280	0.125	75	76	73	pA_I
longs	339	380	302	0.30299999999999727	76	77	75	pA_I
noeuds	358	371	351	0.2400000000000091	76	78	63	pA_I
cro-	427	580	270	0.28000000000000114	68	75	51	pA_I
des	253	270	227	0.28199999999998226	76	85	57	pA_I
longs	317	352	266	0.3650000000000091	81	83	80	pA_I
nez	333	410	303	0.38999999999998636	78	82	52	pA_I
crochus	283	367	79	0.7049999999999841	73	81	49	pA_L
								
ben	214	224	193	0.12800000000001432	79	81	74	pA_B
justement	264	425	108	0.42099999999999227	71	81	57	pA_I
il	363	423	266	0.08099999999998886	73	74	69	pA_I
est	231	266	208	0.09400000000002251	66	72	54	pA_I
pas	210	217	203	0.1279999999999859	64	72	55	pA_I
tellement	181	204	88	0.30000000000001137	66	74	52	pA_I
crochu	326	390	217	0.33899999999999864	65	75	50	pA_I
ils	262	330	208	0.057999999999992724	71	72	70	pA_I
ont	211	224	196	0.18500000000000227	72	78	63	pA_I
des	213	222	191	0.1279999999999859	77	79	73	pA_I
longs	246	305	211	0.29000000000002046	72	77	66	pA_I
nez	278	308	259	0.4309999999999832	65	69	46	pA_I
mais	177	221	99	0.16100000000000136	69	77	48	pA_I
il	200	214	192	0.056000000000011596	73	74	73	pA_I
est	189	195	183	0.07499999999998863	69	75	60	pA_I
pas	237	245	225	0.10699999999999932	69	75	55	pA_I
vraiment	206	241	184	0.27600000000001046	70	74	54	pA_I
crochu	417	710	97	0.37000000000000455	63	71	50	pA_I
c'	491	746	231	0.1349999999999909	60	66	56	pA_I
est	491	746	231	0.1349999999999909	60	66	56	pA_I
ça	409	582	246	0.15399999999999636	60	65	52	pA_I
qui	243	243	243	0.0630000000000166	53	58	49	pA_I
est	230	243	221	0.0549999999999784	64	66	62	pA_I
marrant	218	232	211	0.2960000000000207	60	67	50	pA_L
								
une	216	284	193	0.19300000000001205	77	80	67	pA_B
autre	435	731	274	0.22799999999998022	72	78	63	pA_I
sorcière	313	688	199	0.5200000000000102	72	76	61	pA_I
offrit	253	283	213	0.3160000000000025	68	76	56	pA_I
à	214	267	180	0.10999999999998522	70	76	55	pA_I
la	187	192	178	0.12700000000000955	74	77	72	pA_I
jeune	213	227	172	0.23499999999998522	74	77	67	pA_I
fille	323	659	215	0.4240000000000066	66	72	51	pA_I
un	182	190	173	0.1640000000000157	68	75	49	pA_I
balai	207	272	163	0.2869999999999777	74	77	68	pA_I
flambant	237	749	183	0.40500000000000114	72	78	61	pA_I
neuf	254	735	160	0.4660000000000082	62	73	47	pA_L
aussitôt	286	374	215	0.46399999999999864	71	79	52	pA_B
Marine	261	339	217	0.34200000000001296	73	76	70	pA_I
voulut	225	242	214	0.2510000000000048	73	77	68	pA_I
apprendre	253	716	200	0.31799999999998363	72	80	62	pA_I
à	211	222	200	0.07800000000000296	74	75	72	pA_I
voler	154	200	70	0.2820000000000107	67	73	52	pA_L
elle	175	196	165	0.1869999999999834	71	75	52	pA_B
empoigna	247	718	160	0.5660000000000025	72	77	53	pA_I
l'	193	234	158	0.5310000000000059	71	79	52	pA_I
engin	193	234	158	0.5310000000000059	71	79	52	pA_I
et	167	176	158	0.10900000000000887	67	74	52	pA_I
grimpa	196	217	168	0.4309999999999832	67	76	50	pA_I
dans	191	210	164	0.1490000000000009	70	74	61	pA_I
un	171	180	164	0.17200000000002547	68	72	60	pA_I
arbre	161	179	150	0.42199999999999704	63	70	48	pA_L
								
vas	248	315	190	0.20499999999998408	74	82	57	pA_B
y	313	332	276	0.28999999999999204	75	78	70	pA_I
l'	217	304	191	0.5300000000000011	69	75	57	pA_I
encouragèrent	217	304	191	0.5300000000000011	69	75	57	pA_I
les	200	205	191	0.10400000000001342	70	71	69	pA_I
sorcières	263	714	181	0.5979999999999848	63	71	42	pA_I
allez	401	439	325	0.19600000000002638	78	83	66	pA_I
Marine	308	435	166	0.6809999999999832	72	80	48	pA_L
								
Marine	220	245	181	0.3959999999999866	74	78	66	pA_B
sauta	221	297	179	0.5570000000000164	66	76	46	pA_I
resta	311	668	194	0.42200000000002547	67	77	47	pA_I
un	312	347	270	0.125	68	75	47	pA_I
instant	278	351	169	0.3650000000000091	69	74	56	pA_I
suspendue	309	743	165	0.5720000000000027	72	80	61	pA_I
dans	213	238	196	0.1339999999999577	75	78	70	pA_I
les	189	197	180	0.13500000000004775	75	75	72	pA_I
airs	188	236	171	0.3949999999999818	67	73	49	pA_I
puis	361	726	252	0.27199999999999136	69	74	59	pA_I
s'	321	724	262	0.77800000000002	68	81	51	pA_I
écrasa	321	724	262	0.77800000000002	68	81	51	pA_I
sur	277	377	253	0.19600000000002638	67	72	60	pA_I
le	236	256	210	0.1490000000000009	70	74	68	pA_I
sol	188	211	181	0.450999999999965	66	71	52	pA_L
pas	181	186	171	0.10000000000002274	74	77	67	pA_B
si	554	724	232	0.09600000000000364	76	79	74	pA_I
simple	399	527	222	0.44700000000000273	74	81	58	pA_I
d'	256	734	201	0.37299999999999045	73	80	61	pA_I
apprendre	256	734	201	0.37299999999999045	73	80	61	pA_I
à	217	222	201	0.07100000000002638	78	80	76	pA_I
pensa	188	199	181	0.2740000000000009	66	71	48	pA_I
elle	124	201	95	0.34899999999998954	62	71	43	pA_L
								
tu	NA	NA	NA	0.09199999999998454	53	60	45	pA_B
vois	232	248	220	0.18500000000000227	59	67	45	pA_L
son	208	222	201	0.21800000000001774	59	72	45	pA_B
petit	213	251	104	0.14400000000000546	64	72	54	pA_I
balai	186	235	90	0.34199999999998454	64	74	47	pA_L
il	207	217	200	0.07900000000000773	67	72	60	pA_B
est	194	200	188	0.07999999999998408	68	72	57	pA_I
tout	NA	NA	NA	0.1150000000000091	55	58	53	pA_I
petit	251	281	224	0.19299999999998363	57	69	46	pA_I
son	320	560	185	0.1640000000000441	66	70	61	pA_I
balai	188	198	176	0.24399999999997135	61	68	47	pA_L
								
Marine	321	440	225	0.36400000000003274	75	81	64	pA_B
se	310	337	284	0.13999999999998636	77	79	73	pA_I
redressa	234	284	186	0.5029999999999859	75	80	68	pA_I
et	280	291	250	0.06799999999998363	77	78	76	pA_I
essaya	243	275	200	0.3860000000000241	76	81	70	pA_I
à	215	261	190	0.11200000000002319	78	80	77	pA_I
nouveau	189	231	147	0.4409999999999741	72	79	61	pA_L
au	274	290	248	0.1190000000000282	73	81	61	pA_B
bout	263	288	236	0.13900000000001	76	80	71	pA_I
d'	234	249	211	0.17499999999995453	76	79	66	pA_I
une	234	249	211	0.17499999999995453	76	79	66	pA_I
heure	207	290	185	0.3790000000000191	68	79	51	pA_I
elle	245	255	230	0.11700000000001864	74	79	59	pA_I
y	292	314	253	0.1309999999999718	72	78	61	pA_I
parvint	248	290	200	0.4619999999999891	70	83	53	pA_I
enfin	178	202	139	0.44500000000005	67	77	56	pA_L
les	202	207	192	0.1379999999999768	70	77	53	pA_B
sorcières	298	746	218	0.41500000000002046	74	78	65	pA_I
applaudirent	239	595	164	0.43200000000001637	70	78	53	pA_I
à	229	237	193	0.08599999999995589	71	75	59	pA_I
tout	666	736	195	0.1150000000000091	65	68	62	pA_I
rompre	164	195	151	0.42799999999999727	66	74	57	pA_L
tout	309	345	298	0.23099999999999454	67	79	51	pA_B
en	309	325	276	0.09800000000001319	76	79	73	pA_I
volant	204	276	165	0.3650000000000091	73	79	56	pA_I
Marine	254	308	201	0.35000000000002274	74	79	67	pA_I
effleura	291	615	228	0.36099999999999	74	80	64	pA_I
leur	229	246	204	0.146000000000015	73	79	64	pA_I
chapeau	159	227	79	0.41299999999995407	65	75	51	pA_L
elle	197	202	188	0.20700000000005048	73	78	60	pA_B
renversa	352	758	188	0.5029999999999859	72	77	61	pA_I
même	222	244	202	0.23599999999999	76	77	74	pA_I
un	198	208	190	0.117999999999995	73	74	69	pA_I
seau	257	278	220	0.20300000000003138	71	74	65	pA_I
de	199	220	183	0.1099999999999568	72	76	68	pA_I
jus	219	247	185	0.15399999999999636	69	75	65	pA_I
de	208	239	173	0.1230000000000473	70	74	64	pA_I
groseille	235	311	170	0.45699999999999363	70	78	55	pA_I
sur	266	311	243	0.14599999999995816	69	73	64	pA_I
leur	313	748	211	0.25600000000002865	67	76	52	pA_I
tête	276	733	188	0.38400000000001455	63	76	48	pA_L
								
c'	460	668	396	0.19900000000001228	71	78	52	pA_B
est	460	668	396	0.19900000000001228	71	78	52	pA_I
une	271	344	213	0.2189999999999941	74	78	59	pA_I
vraie	364	528	208	0.15699999999998226	74	79	67	pA_I
sorcière	453	517	302	0.6899999999999977	72	78	52	pA_I
soupirèrent	364	685	220	0.7479999999999905	66	79	49	pA_I
elles	200	252	175	0.4759999999999991	67	75	46	pA_L
								
on	312	319	301	0.20699999999999363	77	79	66	pA_B
dirait	280	304	243	0.3590000000000373	74	78	67	pA_I
des	245	256	230	0.20900000000000318	72	77	65	pA_I
fées	274	313	231	0.7749999999999773	67	76	45	pA_L
								
tu	252	256	247	0.10199999999997544	55	60	51	pA_B
trouves	302	598	159	0.2869999999999777	64	73	56	pA_I
ah	230	233	227	0.11000000000001364	79	80	75	pA_I
parce	252	310	220	0.25900000000001455	72	81	61	pA_I
qu'	252	310	220	0.25900000000001455	72	81	61	pA_I
elles	252	310	220	0.25900000000001455	72	81	61	pA_I
ont	228	246	219	0.11199999999996635	74	77	69	pA_I
des	228	242	221	0.10400000000004184	77	78	76	pA_I
chapeaux	225	276	203	0.3009999999999877	69	77	57	pA_I
pointus	222	250	209	0.4379999999999882	64	76	47	pA_L
hein	283	503	243	0.3660000000000423	68	78	47	pA_U
c'	246	278	215	0.08400000000000318	66	68	60	pA_B
est	246	278	215	0.08400000000000318	66	68	60	pA_I
les	215	228	207	0.09600000000000364	68	71	64	pA_I
fées	384	394	372	0.14400000000000546	63	70	56	pA_I
qui	NA	NA	NA	0.06999999999999318	58	64	53	pA_I
ont	291	291	291	0.028999999999996362	66	66	66	pA_I
des	284	291	278	0.06499999999999773	65	66	65	pA_I
chapeaux	226	231	218	0.27199999999999136	62	71	55	pA_I
pointus	238	270	219	0.40399999999999636	62	74	48	pA_L
enfin	229	249	212	0.18399999999996908	64	76	51	pA_B
des	193	215	77	0.3050000000000068	71	78	64	pA_I
des	208	232	183	0.1279999999999859	69	72	66	pA_I
chapeaux	241	279	212	0.2820000000000391	67	75	55	pA_I
pointus	246	276	223	0.3109999999999786	65	73	48	pA_I
comme	314	362	274	0.1560000000000059	67	73	49	pA_I
les	251	274	240	0.1209999999999809	71	72	68	pA_I
fées	224	258	208	0.132000000000005	66	72	60	pA_I
parce	219	243	208	0.29599999999999227	63	72	50	pA_I
que	219	243	208	0.29599999999999227	63	72	50	pA_I
elles	215	221	202	0.14400000000000546	66	72	57	pA_I
ont	220	226	205	0.08600000000001273	68	71	61	pA_I
c'	233	265	196	0.11899999999997135	66	70	64	pA_I
est	233	265	196	0.11899999999997135	66	70	64	pA_I
vrai	294	372	243	0.09500000000002729	68	70	63	pA_I
qu'	280	346	222	0.09799999999995634	68	73	57	pA_I
elles	280	346	222	0.09799999999995634	68	73	57	pA_I
ont	216	222	206	0.14400000000000546	70	72	59	pA_I
pas	282	288	278	0.07300000000003593	67	70	63	pA_I
les	297	312	274	0.08999999999997499	68	69	67	pA_I
chapeaux	291	320	242	0.32600000000002183	67	79	52	pA_I
de	312	318	307	0.08199999999999363	78	79	77	pA_I
sorcières	295	346	113	0.36599999999998545	73	79	67	pA_L
ah	208	222	197	0.2810000000000059	64	71	44	pA_B
ouais	263	382	212	0.2330000000000041	60	65	48	pA_L
parce	213	228	203	0.24500000000000455	56	64	46	pA_B
qu'	213	228	203	0.24500000000000455	56	64	46	pA_I
elles	213	228	203	0.24500000000000455	56	64	46	pA_I
sont	212	225	207	0.2370000000000232	62	67	54	pA_I
en	210	213	205	0.3879999999999768	64	66	48	pA_I
ouais	203	219	190	0.17999999999994998	61	68	48	pA_L
								
euh	187	496	76	0.3310000000000173	66	70	48	pA_B
parce	437	686	210	0.35899999999998045	63	69	46	pA_I
que	437	686	210	0.35899999999998045	63	69	46	pA_I
elles	516	739	221	0.13599999999996726	62	73	51	pA_I
sont	237	739	223	0.16800000000000637	66	71	61	pA_I
un	215	231	199	0.1220000000000141	69	72	63	pA_I
peu	161	231	105	0.13599999999996726	68	72	58	pA_I
en	99	105	96	0.12299999999999045	73	75	73	pA_I
noir	186	289	97	0.452000000000055	66	75	45	pA_I
là	268	275	262	0.22199999999998	62	68	48	pA_L
								
elle	345	373	305	0.23900000000003274	75	77	63	pA_B
elle	262	316	243	0.17199999999996862	76	77	75	pA_I
est	240	246	229	0.13400000000001455	70	78	54	pA_I
trop	193	386	167	0.34199999999998454	75	84	51	pA_I
moche	284	365	218	0.49799999999999045	69	83	49	pA_L
								
ben	260	448	171	0.2810000000000059	72	81	47	pA_B
on	208	211	203	0.12999999999999545	68	79	48	pA_I
dirait	200	206	193	0.19400000000001683	74	78	71	pA_I
une	199	202	192	0.16499999999996362	71	74	58	pA_I
cuisinière	217	259	189	0.5510000000000446	67	72	55	pA_I
elle	151	189	79	0.06700000000000728	65	66	65	pA_I
est	88	89	86	0.06499999999999773	65	66	65	pA_I
marrante	94	114	72	0.41699999999997317	58	65	50	pA_L
								
Marine	317	393	211	0.4329999999999927	77	81	65	pA_B
fonça	303	338	272	0.37299999999999045	73	79	68	pA_I
à	252	292	210	0.10900000000003729	80	81	76	pA_I
bord	255	287	195	0.26499999999998636	76	83	69	pA_I
du	217	275	192	0.1479999999999677	72	73	70	pA_I
balai	208	342	169	0.42500000000001137	73	78	58	pA_I
en	191	197	186	0.11400000000003274	75	80	57	pA_I
direction	246	295	168	0.5109999999999673	73	79	59	pA_I
du	212	264	179	0.11299999999999955	75	76	73	pA_I
château	284	738	185	0.36000000000001364	70	78	49	pA_I
aux	222	277	176	0.1349999999999909	72	77	59	pA_I
tours	383	743	210	0.18099999999998317	76	81	61	pA_I
dorées	190	266	170	0.3970000000000482	71	78	52	pA_I
là	192	202	188	0.20799999999997	75	78	58	pA_I
haut	206	221	190	0.11299999999999955	77	78	76	pA_I
dans	191	223	171	0.12000000000000455	72	74	69	pA_I
le	174	179	164	0.11700000000001864	72	73	71	pA_I
ciel	110	168	76	0.46999999999997044	64	69	53	pA_L
								
ouh	496	537	443	0.15399999999999636	82	85	63	pA_B
ouh	468	519	433	0.20900000000000318	84	86	78	pA_I
maman	337	433	314	0.4730000000000132	73	80	62	pA_I
cria	225	249	194	0.37000000000000455	64	75	51	pA_I
elle	213	236	207	0.3199999999999932	66	72	51	pA_I
viens	348	598	253	0.20799999999997	79	82	69	pA_I
voir	344	411	157	0.6400000000000432	75	84	56	pA_L
								
elle	197	207	184	0.12999999999999545	71	76	53	pA_B
se	256	266	234	0.20699999999999363	70	75	52	pA_I
tenait	243	278	173	0.34699999999998	72	77	56	pA_I
debout	238	355	168	0.33199999999999363	75	82	65	pA_I
sur	299	618	221	0.20300000000003138	72	76	67	pA_I
le	224	232	216	0.11000000000001364	77	80	75	pA_I
balai	186	220	167	0.3459999999999468	72	77	55	pA_L
sa	359	680	191	0.24900000000002365	75	82	66	pA_B
maman	194	223	176	0.3369999999999891	77	80	75	pA_I
en	191	221	176	0.1360000000000241	75	76	74	pA_I
eut	190	199	177	0.1409999999999627	78	80	77	pA_I
le	172	188	165	0.12800000000004275	72	75	69	pA_I
souffle	223	689	85	0.4449999999999932	70	75	55	pA_I
coupé	428	698	153	0.34199999999998454	67	82	56	pA_L
								
Marine	292	373	183	0.49799999999999045	80	86	69	pA_B
viens	336	637	182	0.14400000000000546	80	84	77	pA_I
ici	367	393	335	0.271000000000015	80	83	74	pA_I
tout	337	353	314	0.13100000000002865	76	82	68	pA_I
de	NA	NA	NA	0.07599999999996498	69	79	57	pA_I
suite	335	526	285	0.5110000000000241	66	82	46	pA_I
hurla	194	217	182	0.34199999999998454	68	77	47	pA_I
elle	191	215	176	0.2669999999999959	66	75	48	pA_I
effrayée	229	679	173	0.5330000000000155	71	80	52	pA_L
tu	560	731	394	0.1279999999999859	71	81	58	pA_B
es	353	397	259	0.07100000000002638	84	85	81	pA_I
devenue	245	282	208	0.31799999999998363	76	82	58	pA_I
complètement	307	523	200	0.4940000000000282	73	82	58	pA_I
folle	344	495	166	0.5089999999999577	73	81	55	pA_L
								
Marine	261	340	198	0.3599999999999568	76	80	66	pA_B
atterrit	239	287	193	0.3970000000000482	73	80	58	pA_I
avec	192	267	166	0.2519999999999527	72	77	67	pA_I
douceur	214	242	166	0.41200000000003456	72	76	64	pA_I
sur	197	204	187	0.17500000000001137	67	72	60	pA_I
un	200	208	187	0.1379999999999768	75	76	72	pA_I
nuage	247	750	70	0.5180000000000291	65	76	56	pA_L
								
c'	183	209	160	0.2389999999999759	70	80	54	pA_B
est	183	209	160	0.2389999999999759	70	80	54	pA_I
bien	330	519	159	0.23200000000002774	74	76	65	pA_I
non	463	527	406	0.2389999999999759	69	76	52	pA_I
dit	206	221	196	0.19700000000000273	65	73	51	pA_I
elle	225	257	209	0.14100000000001955	72	77	55	pA_I
en	203	212	182	0.12299999999999045	76	77	73	pA_I
riant	203	234	181	0.34600000000000364	72	75	59	pA_I
ce	269	281	262	0.16500000000002046	70	77	52	pA_I
sont	350	369	262	0.16199999999997772	75	78	72	pA_I
les	302	351	257	0.11000000000001364	75	79	72	pA_I
sorcières	328	353	312	0.59699999999998	76	82	61	pA_I
qui	259	286	235	0.16200000000003456	68	77	60	pA_I
m'	231	235	223	0.14699999999999136	77	78	76	pA_I
ont	231	235	223	0.14699999999999136	77	78	76	pA_I
appris	308	703	220	0.375	72	81	57	pA_L
j'	243	295	209	0.125	73	82	58	pA_B
ai	243	295	209	0.125	73	82	58	pA_I
aussi	369	438	295	0.2929999999999495	79	82	64	pA_I
construit	448	690	398	0.35000000000002274	74	81	59	pA_I
une	346	398	303	0.1220000000000141	75	78	65	pA_I
cabane	359	543	259	0.3990000000000009	75	83	56	pA_I
et	355	484	274	0.09800000000001319	76	77	75	pA_I
navigué	294	396	223	0.47699999999997544	75	81	68	pA_I
sur	281	393	230	0.22399999999998954	72	76	66	pA_I
la	206	230	193	0.10700000000002774	77	77	75	pA_I
rivière	259	304	179	0.45299999999997453	74	78	69	pA_I
à	218	259	191	0.07800000000003138	75	77	72	pA_I
bord	218	242	189	0.15899999999999181	75	78	72	pA_I
d'	197	238	184	0.16699999999997317	75	76	71	pA_I
un	197	238	184	0.16699999999997317	75	76	71	pA_I
bateau	172	200	73	0.3210000000000264	66	77	49	pA_L
le	251	282	216	0.13999999999998636	77	84	56	pA_B
bois	257	380	184	0.25	76	82	71	pA_I
est	321	379	262	0.12999999999999545	75	81	62	pA_I
un	229	243	219	0.1279999999999859	72	78	56	pA_I
endroit	241	291	216	0.38900000000001	73	78	56	pA_I
formidable	253	744	150	0.9190000000000396	70	81	48	pA_I
dit	174	182	170	0.24099999999998545	58	69	48	pA_I
elle	168	176	157	0.24099999999998545	63	74	44	pA_L
								
fais	242	320	80	0.17399999999997817	74	79	67	pA_B
voir	284	356	149	0.424000000000035	77	82	68	pA_I
où	163	195	139	0.19999999999998863	78	80	75	pA_I
elle	243	286	120	0.19600000000002638	77	80	72	pA_I
est	299	339	267	0.2759999999999536	73	78	54	pA_L
ah	432	496	286	0.4410000000000309	77	84	50	pA_U
elle	360	370	353	0.16199999999997772	77	83	55	pA_B
est	368	372	307	0.09399999999999409	84	84	83	pA_I
debout	323	368	247	0.6040000000000418	77	82	56	pA_L
								
debout	219	295	188	0.32900000000000773	69	75	59	pA_B
sur	238	256	211	0.24099999999998545	69	75	61	pA_I
le	226	268	185	0.19300000000004047	72	79	61	pA_I
sur	204	216	187	0.22999999999996135	69	74	61	pA_I
le	181	207	165	0.15100000000001046	73	78	63	pA_I
balai	187	294	145	0.35300000000000864	69	71	65	pA_I
ben	227	289	189	0.146000000000015	67	70	62	pA_I
ouais	204	233	189	0.19599999999996953	65	70	49	pA_L
								
ça	248	257	239	0.22399999999998954	66	77	50	pA_B
devrait	230	246	220	0.3520000000000323	71	79	67	pA_I
être	216	221	207	0.22699999999997544	68	74	58	pA_I
bien	303	402	234	0.2400000000000091	67	72	55	pA_I
normalement	272	404	182	0.7479999999999905	68	79	50	pA_L
								
ben	198	224	181	0.1519999999999868	62	68	42	pA_B
oui	200	231	183	0.20199999999999818	63	69	48	pA_L
								
formidable	276	362	207	0.6980000000000359	74	83	46	pA_B
formidable	254	359	190	0.8039999999999736	75	83	64	pA_I
file	511	682	194	0.25799999999998136	71	76	61	pA_I
prendre	347	381	295	0.25600000000002865	78	85	67	pA_I
un	300	302	287	0.09899999999998954	79	80	77	pA_I
bain	261	287	242	0.2189999999999941	74	79	58	pA_I
ordonna	195	229	179	0.36000000000001364	74	77	53	pA_I
sa	196	217	185	0.1409999999999627	67	72	62	pA_I
maman	178	189	169	0.30800000000004957	69	74	53	pA_L
								
tu	283	283	283	0.12999999999999545	68	75	52	pA_B
es	344	501	203	0.1309999999999718	76	79	68	pA_I
horrible	261	488	214	0.410000000000025	74	83	52	pA_I
à	224	235	212	0.07799999999997453	80	81	77	pA_I
voir	244	280	202	0.22000000000002728	77	81	72	pA_I
et	198	240	181	0.09899999999998954	74	78	59	pA_I
tu	201	212	191	0.21699999999998454	66	76	51	pA_I
pues	362	408	271	0.3439999999999941	70	87	49	pA_L
								
toutes	467	495	401	0.24799999999999045	72	81	55	pA_B
les	385	401	364	0.08899999999999864	75	78	69	pA_I
sorcières	339	388	307	0.51400000000001	72	80	61	pA_I
puent	355	663	238	0.3100000000000023	67	82	56	pA_I
répondit	193	209	188	0.35499999999996135	68	77	48	pA_I
Marine	175	196	166	0.4430000000000405	68	76	50	pA_L
je	216	229	205	0.10599999999999454	65	77	50	pA_B
ne	232	235	222	0.10599999999999454	80	81	79	pA_I
veux	215	230	198	0.1560000000000059	73	80	62	pA_I
pas	259	271	242	0.15399999999999636	70	80	56	pA_I
prendre	341	662	212	0.3240000000000123	70	79	57	pA_I
de	202	219	168	0.14400000000000546	75	79	70	pA_I
bain	226	300	162	0.20600000000001728	74	78	66	pA_I
je	239	299	206	0.103999999999985	72	73	70	pA_I
veux	207	222	195	0.1490000000000009	72	77	65	pA_I
continuer	289	323	263	0.464999999999975	69	75	56	pA_I
à	248	293	194	0.09900000000004638	77	79	74	pA_I
voler	210	253	175	0.3669999999999618	73	79	59	pA_L
								
et	251	257	245	0.09399999999999409	75	78	62	pA_B
moi	310	403	252	0.1409999999999627	76	79	74	pA_I
je	370	409	309	0.09399999999999409	74	78	69	pA_I
ne	269	309	229	0.09500000000002729	78	79	76	pA_I
veux	221	238	206	0.16100000000000136	72	77	58	pA_I
pas	394	429	365	0.09399999999999409	76	81	72	pA_I
d'	324	406	272	0.1379999999999768	71	74	65	pA_I
une	324	406	272	0.1379999999999768	71	74	65	pA_I
sorcière	274	299	256	0.38100000000002865	68	77	49	pA_I
puante	380	748	278	0.3480000000000132	74	84	59	pA_I
pour	468	697	232	0.13299999999998136	71	80	63	pA_I
fille	229	305	154	0.3930000000000291	70	78	54	pA_I
répliqua	170	213	87	0.3480000000000132	64	73	53	pA_I
la	170	175	163	0.11199999999996635	69	70	69	pA_I
maman	160	167	154	0.2820000000000391	66	69	51	pA_L
retourne	231	319	163	0.6349999999999909	71	80	49	pA_B
donc	232	264	166	0.22200000000003683	74	76	66	pA_I
dans	194	212	187	0.17000000000001592	73	75	64	pA_I
ton	197	205	183	0.18499999999994543	72	77	59	pA_I
bois	202	230	163	0.20900000000000318	75	78	68	pA_I
auprès	238	394	188	0.2270000000000323	74	78	66	pA_I
des	177	188	165	0.12299999999999045	71	73	68	pA_I
sorcières	177	209	152	0.6399999999999864	67	76	50	pA_L
								
Marine	208	251	170	0.3269999999999982	74	78	64	pA_B
s'	178	242	159	0.47800000000000864	69	76	50	pA_I
envola	178	242	159	0.47800000000000864	69	76	50	pA_I
à	169	177	163	0.17500000000001137	58	69	48	pA_I
toute	479	733	200	0.19900000000001228	62	73	55	pA_I
allure	156	200	140	0.42099999999999227	62	76	52	pA_L
								
le	205	217	190	0.12400000000002365	71	77	55	pA_B
soir	386	725	196	0.2980000000000018	68	75	60	pA_I
tombait	169	229	66	0.33899999999999864	67	74	52	pA_L
								
les	229	238	213	0.12999999999999545	75	81	61	pA_B
nuits	241	259	230	0.14999999999997726	78	79	75	pA_I
sont	242	273	220	0.17000000000001592	74	77	70	pA_I
froides	228	255	201	0.2740000000000009	72	79	57	pA_I
et	237	240	224	0.07600000000002183	77	78	76	pA_I
noires	243	258	205	0.2949999999999591	75	77	70	pA_I
dans	202	213	192	0.10900000000003729	72	75	66	pA_I
le	190	192	184	0.10499999999996135	76	77	75	pA_I
bois	173	184	164	0.29599999999999227	69	73	60	pA_I
se	369	748	179	0.18200000000001637	63	72	57	pA_I
dit	173	183	161	0.12100000000003774	66	71	62	pA_I
la	173	183	166	0.1209999999999809	68	69	67	pA_I
maman	165	172	160	0.30299999999999727	65	69	49	pA_L
elle	299	332	263	0.14400000000000546	68	72	52	pA_B
ne	221	263	194	0.125	74	76	67	pA_I
tardera	171	203	154	0.42600000000004457	66	71	58	pA_I
pas	178	184	165	0.12299999999999045	68	71	58	pA_I
à	154	173	136	0.1150000000000091	64	67	61	pA_I
revenir	183	224	136	0.5539999999999736	64	73	52	pA_L
								
mais	220	226	211	0.1349999999999909	74	79	59	pA_B
la	221	227	207	0.1279999999999859	79	80	78	pA_I
maman	209	287	192	0.28700000000003456	77	79	66	pA_I
se	258	287	229	0.1449999999999818	71	74	68	pA_I
trompait	299	750	147	0.4270000000000209	64	75	48	pA_L
Marine	260	327	210	0.39400000000000546	72	79	56	pA_B
passa	332	726	225	0.25	73	78	67	pA_I
une	201	240	187	0.15300000000002	75	77	64	pA_I
très	269	274	264	0.18399999999996908	67	75	57	pA_I
agréable	207	268	170	0.5	72	75	66	pA_I
soirée	219	249	179	0.39800000000002456	69	74	60	pA_I
en	192	241	169	0.13900000000001	68	73	52	pA_I
compagnie	211	247	189	0.4309999999999832	72	78	57	pA_I
des	189	212	172	0.1349999999999909	73	76	69	pA_I
autres	205	267	163	0.3090000000000259	67	74	55	pA_I
sorcières	226	693	72	0.5799999999999841	65	72	50	pA_L
elles	268	287	254	0.16100000000000136	70	75	56	pA_B
lui	294	298	287	0.08300000000002683	72	74	69	pA_I
apprirent	263	291	187	0.5199999999999818	70	83	54	pA_I
des	195	206	187	0.16200000000003456	66	75	53	pA_I
tours	426	746	264	0.2189999999999941	67	72	52	pA_I
de	218	264	203	0.12000000000000455	72	76	68	pA_I
magie	174	203	144	0.367999999999995	69	77	49	pA_L
Marine	253	322	206	0.339999999999975	72	78	64	pA_B
réussit	290	517	224	0.3639999999999759	71	75	65	pA_I
à	278	318	241	0.13500000000004775	65	74	55	pA_I
transformer	243	298	204	0.5699999999999932	69	76	55	pA_I
un	198	204	183	0.15100000000001046	74	76	73	pA_I
gland	217	305	169	0.25099999999997635	69	77	47	pA_I
en	205	213	196	0.12299999999999045	66	73	53	pA_I
coccinelle	208	335	176	0.7439999999999714	64	74	47	pA_L
avant	284	340	230	0.27800000000002	74	78	63	pA_B
d'	233	334	180	0.2529999999999859	76	79	73	pA_I
aller	233	334	180	0.2529999999999859	76	79	73	pA_I
dormir	207	321	169	0.5299999999999727	70	78	47	pA_I
Marine	284	364	220	0.4089999999999918	74	80	63	pA_I
regarda	262	315	232	0.4550000000000409	73	78	67	pA_I
la	249	266	230	0.1560000000000059	74	75	72	pA_I
lune	217	232	209	0.34799999999995634	68	72	49	pA_L
								
que	285	299	253	0.16399999999998727	66	77	48	pA_B
peut	264	288	214	0.125	68	75	51	pA_I
bien	227	236	212	0.20900000000000318	71	75	67	pA_I
faire	229	258	207	0.242999999999995	69	75	62	pA_I
maman	216	224	209	0.3079999999999927	74	76	72	pA_I
en	211	224	197	0.11000000000001364	71	73	69	pA_I
ce	214	218	197	0.13800000000003365	64	66	59	pA_I
moment	193	224	182	0.3919999999999959	68	75	49	pA_I
se	197	224	178	0.21399999999999864	57	70	46	pA_I
demanda	182	200	174	0.37199999999995725	69	74	60	pA_I
elle	104	196	79	0.3509999999999991	60	68	48	pA_L
								
il	263	270	255	0.11400000000003274	70	74	61	pA_B
était	270	309	241	0.22399999999998954	71	78	57	pA_I
déjà	229	252	213	0.27899999999999636	72	78	61	pA_I
très	247	250	234	0.23799999999999955	63	76	47	pA_I
tard	299	338	247	0.22800000000000864	69	73	52	pA_I
lorsqu'	215	249	195	0.33600000000001273	68	75	59	pA_I
elle	215	249	195	0.33600000000001273	68	75	59	pA_I
s'	228	297	194	0.5139999999999532	72	76	64	pA_I
endormit	228	297	194	0.5139999999999532	72	76	64	pA_I
sur	393	743	197	0.20000000000004547	67	70	62	pA_I
son	314	682	205	0.23699999999996635	73	79	68	pA_I
doux	208	244	185	0.160000000000025	73	78	70	pA_I
lit	246	259	227	0.19299999999998363	74	76	70	pA_I
de	207	253	188	0.15699999999998226	74	77	69	pA_I
mousse	234	683	183	0.65300000000002	65	77	51	pA_L
la	188	205	184	0.15800000000001546	71	77	48	pA_B
maman	195	242	178	0.2510000000000332	76	77	71	pA_I
se	207	259	184	0.17999999999994998	75	77	71	pA_I
retrouva	234	730	171	0.3450000000000273	69	77	56	pA_I
toute	222	223	222	0.18500000000000227	59	67	48	pA_I
seule	188	206	176	0.3079999999999927	74	78	70	pA_I
là	186	204	174	0.17300000000000182	74	75	73	pA_I
haut	177	193	170	0.16199999999997772	72	73	71	pA_I
dans	188	199	183	0.1260000000000332	73	76	69	pA_I
son	194	200	186	0.1490000000000009	71	77	68	pA_I
château	198	227	184	0.3480000000000132	67	76	47	pA_I
aux	188	209	175	0.1490000000000009	71	76	57	pA_I
tours	354	740	204	0.20999999999997954	68	74	51	pA_I
dorées	170	210	150	0.33600000000001273	69	75	51	pA_L
assise	342	658	246	0.4819999999999709	73	82	61	pA_B
près	216	231	193	0.125	73	75	68	pA_I
de	186	193	175	0.10200000000003229	73	77	69	pA_I
la	183	186	180	0.1099999999999568	76	79	74	pA_I
fenêtre	240	738	160	0.5409999999999968	67	80	53	pA_I
elle	192	211	186	0.13800000000003365	73	78	58	pA_I
attendait	238	290	188	0.3909999999999627	72	78	54	pA_I
le	174	188	166	0.07900000000000773	73	74	71	pA_I
retour	298	745	161	0.3310000000000173	71	77	54	pA_I
de	183	213	171	0.12000000000000455	73	75	71	pA_I
Marine	198	242	169	0.3949999999999818	73	75	71	pA_I
en	190	222	170	0.06499999999999773	73	74	72	pA_I
observant	219	704	169	0.5040000000000191	72	78	62	pA_I
la	190	213	166	0.1279999999999859	73	75	71	pA_I
lune	164	187	155	0.3860000000000241	63	70	49	pA_L
elle	240	249	229	0.1360000000000241	64	76	48	pA_B
se	239	244	237	0.10500000000001819	70	72	68	pA_I
sentait	251	280	211	0.4119999999999777	69	77	54	pA_I
triste	410	692	270	0.37700000000000955	68	74	52	pA_I
et	171	220	101	0.10800000000000409	76	77	69	pA_I
abandonnée	202	231	178	0.5419999999999732	72	78	50	pA_L
								
que	319	330	307	0.11899999999997135	74	81	60	pA_B
peut	290	318	241	0.12299999999999045	77	80	72	pA_I
bien	241	253	223	0.16399999999998727	74	77	70	pA_I
faire	259	290	224	0.18600000000003547	72	78	66	pA_I
Marine	231	243	204	0.3809999999999718	74	78	61	pA_I
en	198	204	191	0.06999999999999318	74	75	72	pA_I
ce	201	212	191	0.13900000000001	69	71	67	pA_I
moment	191	212	181	0.34600000000000364	72	77	54	pA_I
se	191	213	170	0.16800000000000637	64	74	53	pA_I
demanda	179	195	168	0.37100000000003774	71	76	51	pA_I
elle	188	198	177	0.39999999999997726	62	72	46	pA_L
								
elle	187	243	169	0.16699999999997317	75	79	63	pA_B
enfila	228	328	152	0.382000000000005	72	80	65	pA_I
son	294	304	163	0.18000000000000682	73	76	70	pA_I
manteau	217	287	185	0.44599999999996953	68	76	46	pA_I
et	185	193	178	0.09000000000003183	68	73	51	pA_I
s'	226	265	197	0.41699999999997317	74	77	69	pA_I
envola	226	265	197	0.41699999999997317	74	77	69	pA_I
en	189	239	148	0.13100000000002865	73	75	68	pA_I
direction	239	285	145	0.5439999999999827	71	77	58	pA_I
du	167	194	154	0.1150000000000091	69	72	59	pA_I
bois	239	256	201	0.18099999999998317	72	79	58	pA_I
des	215	682	185	0.12000000000000455	71	74	68	pA_I
sorcières	320	753	89	0.6190000000000282	65	81	49	pA_L
après	337	410	243	0.3180000000000405	75	82	57	pA_B
de	256	377	230	0.11499999999995225	78	82	73	pA_I
longues	284	353	220	0.2400000000000091	76	79	72	pA_I
recherches	255	520	178	0.5430000000000064	74	81	62	pA_I
la	215	247	198	0.09700000000003684	76	79	72	pA_I
maman	202	285	175	0.26099999999996726	77	78	75	pA_I
découvrit	240	290	190	0.36299999999999955	71	78	59	pA_I
la	220	245	182	0.15100000000001046	73	78	58	pA_I
cabane	190	224	161	0.3129999999999882	73	77	64	pA_I
de	206	219	189	0.08699999999998909	72	73	70	pA_I
sa	175	183	172	0.15399999999999636	71	73	67	pA_I
fille	196	678	77	0.41200000000003456	66	75	51	pA_L
Marine	182	204	147	0.35700000000002774	75	80	68	pA_B
dormait	163	182	146	0.4159999999999968	66	73	55	pA_L
elle	220	232	192	0.2559999999999718	68	80	45	pA_B
puait	290	297	285	0.3190000000000168	77	83	52	pA_I
et	247	293	190	0.1279999999999859	75	76	73	pA_I
ses	233	254	190	0.16700000000003	73	80	67	pA_I
vêtements	262	636	192	0.4679999999999609	72	80	56	pA_I
déchirés	253	338	200	0.5900000000000318	72	79	46	pA_I
étaient	323	738	191	0.27499999999997726	65	77	45	pA_I
couverts	345	719	262	0.39100000000001955	71	83	48	pA_I
de	223	262	185	0.16500000000002046	70	80	55	pA_I
taches	321	681	189	0.33299999999997	71	79	57	pA_I
mais	216	237	194	0.09500000000002729	75	78	66	pA_I
elle	196	202	191	0.17199999999996862	76	79	72	pA_I
avait	189	198	179	0.18000000000000682	75	77	70	pA_I
l'	210	227	186	0.2950000000000159	66	76	50	pA_I
air	210	227	186	0.2950000000000159	66	76	50	pA_I
adorable	163	242	81	0.6309999999999718	66	78	47	pA_L
la	196	207	191	0.12599999999997635	69	76	48	pA_B
maman	243	316	191	0.3170000000000073	74	78	65	pA_I
se	224	249	190	0.14699999999999136	75	78	72	pA_I
glissa	204	260	173	0.3310000000000173	70	76	66	pA_I
sur	195	214	180	0.18299999999999272	72	77	66	pA_I
le	187	190	179	0.12000000000000455	76	77	74	pA_I
lit	204	229	174	0.14400000000000546	71	74	66	pA_I
de	191	214	180	0.12999999999999545	74	78	69	pA_I
mousse	186	225	175	0.45299999999997453	65	74	47	pA_I
aux	200	212	186	0.1220000000000141	65	75	47	pA_I
côtés	259	291	233	0.2400000000000091	73	80	57	pA_I
de	197	238	182	0.11200000000002319	75	78	70	pA_I
Marine	204	261	176	0.5419999999999732	72	78	49	pA_I
et	191	198	183	0.19499999999999318	63	79	42	pA_I
l'	203	233	185	0.5670000000000073	73	80	65	pA_I
embrassa	203	233	185	0.5670000000000073	73	80	65	pA_I
sur	341	689	191	0.18999999999999773	67	71	61	pA_I
la	187	201	180	0.12700000000000955	69	71	63	pA_I
joue	178	187	168	0.2540000000000191	64	72	58	pA_L
Marine	217	257	185	0.4289999999999736	71	77	52	pA_B
ouvrit	205	244	176	0.25600000000002865	70	76	64	pA_I
ses	305	679	194	0.21599999999995134	72	75	68	pA_I
yeux	203	232	184	0.2400000000000091	71	76	68	pA_I
gonflés	211	232	175	0.42099999999999227	68	76	53	pA_I
de	204	213	190	0.09700000000003684	69	72	66	pA_I
sommeil	181	218	172	0.44299999999998363	67	72	48	pA_L
								
ma-	254	263	241	0.19499999999999318	64	71	53	pA_B
maman	302	349	117	0.6910000000000309	65	69	49	pA_I
bredouilla	224	424	192	0.5349999999999682	67	75	48	pA_I
elle	205	217	198	0.37400000000002365	61	71	48	pA_L
								
tu	336	356	314	0.15200000000004366	66	72	49	pA_B
me	263	314	231	0.1519999999999868	73	74	72	pA_I
manques	292	549	233	0.5329999999999586	65	73	50	pA_I
lui	224	237	210	0.12800000000004275	68	72	58	pA_I
chuchota	204	246	92	0.464999999999975	66	72	50	pA_I
sa	202	225	192	0.18999999999999773	67	72	61	pA_I
maman	104	207	93	0.3059999999999832	67	73	47	pA_L
								
si	312	318	308	0.21999999999997044	61	70	46	pA_B
tu	285	300	265	0.1220000000000141	69	73	59	pA_I
restais	258	275	229	0.3269999999999982	71	79	58	pA_I
dormir	230	252	212	0.3550000000000182	72	77	60	pA_I
dans	211	218	207	0.14599999999995816	68	74	58	pA_I
la	208	218	205	0.15500000000002956	69	74	57	pA_I
dans	208	213	200	0.1490000000000009	66	74	52	pA_I
ma	202	207	198	0.15399999999999636	67	73	56	pA_I
cabane	198	233	181	0.5109999999999673	69	74	49	pA_I
dit	190	201	182	0.16800000000000637	62	70	51	pA_I
Marine	188	198	162	0.33600000000001273	71	76	62	pA_I
en	183	185	178	0.11299999999999955	69	71	63	pA_I
souriant	179	195	173	0.4479999999999791	64	68	47	pA_L
et	197	207	182	0.10800000000000409	63	70	48	pA_B
c'	216	225	212	0.19799999999997908	57	62	51	pA_I
est	216	225	212	0.19799999999997908	57	62	51	pA_I
ce	202	207	197	0.1560000000000059	54	61	51	pA_I
qu'	113	170	88	0.20900000000000318	56	63	47	pA_I
elle	113	170	88	0.20900000000000318	56	63	47	pA_I
fit	NA	NA	NA	0.3620000000000232	49	52	44	pA_L
								
le	188	189	183	0.10899999999998045	75	81	57	pA_B
lendemain	217	320	161	0.5200000000000387	73	80	52	pA_I
elles	192	199	181	0.1560000000000059	66	77	47	pA_I
sortirent	388	700	221	0.37899999999996226	70	79	58	pA_I
ensemble	276	371	199	0.5060000000000287	72	76	69	pA_I
à	183	186	172	0.07599999999996498	75	77	71	pA_I
bord	221	283	157	0.21700000000004138	76	82	69	pA_I
du	209	272	176	0.125	71	75	65	pA_I
bateau	196	231	169	0.4159999999999968	66	78	51	pA_L
puis	420	694	257	0.1560000000000059	74	77	70	pA_B
Marine	217	292	156	0.3499999999999659	73	78	65	pA_I
apprit	287	423	214	0.2189999999999941	70	75	60	pA_I
à	223	237	201	0.09900000000004638	76	78	75	pA_I
sa	228	240	213	0.1490000000000009	73	77	69	pA_I
maman	187	236	169	0.31399999999996453	74	77	73	pA_I
à	252	266	224	0.09399999999999409	73	74	71	pA_I
rouler	215	242	202	0.20600000000001728	74	76	70	pA_I
à	221	226	208	0.13700000000000045	68	74	58	pA_I
pa-	227	230	223	0.16199999999997772	69	77	53	pA_I
puis	461	708	337	0.16600000000005366	76	79	68	pA_I
Marine	268	363	187	0.3159999999999741	74	79	63	pA_I
apprit	307	584	202	0.29300000000000637	75	82	62	pA_I
à	258	316	206	0.07799999999997453	76	78	74	pA_I
sa	395	747	188	0.18000000000000682	75	79	71	pA_I
maman	210	412	164	0.3580000000000041	73	77	54	pA_I
à	194	224	180	0.1490000000000009	70	80	48	pA_I
rouler	245	448	165	0.2740000000000009	75	79	73	pA_I
à	296	432	225	0.132000000000005	69	77	51	pA_I
patins	177	215	148	0.3650000000000091	65	78	49	pA_L
elle	194	199	190	0.16199999999997772	78	81	61	pA_B
l'	224	284	167	0.5040000000000191	73	81	56	pA_I
autorisa	224	284	167	0.5040000000000191	73	81	56	pA_I
même	191	255	164	0.24200000000001864	74	75	72	pA_I
à	227	249	202	0.07399999999995544	75	77	74	pA_I
s'	192	222	176	0.41500000000002046	72	78	66	pA_I
asseoir	192	222	176	0.41500000000002046	72	78	66	pA_I
à	212	214	206	0.06700000000000728	73	74	72	pA_I
l'	187	219	168	0.3480000000000132	72	75	70	pA_I
arrière	187	219	168	0.3480000000000132	72	75	70	pA_I
du	197	215	174	0.14599999999995816	73	76	69	pA_I
balai	159	181	151	0.313000000000045	67	75	47	pA_L
elles	224	232	212	0.1150000000000091	75	79	67	pA_B
allèrent	256	340	194	0.3550000000000182	70	81	50	pA_I
ensuite	237	276	213	0.4329999999999927	65	77	42	pA_I
toutes	490	508	471	0.19900000000001228	67	78	50	pA_I
les	284	343	240	0.16799999999994952	73	82	64	pA_I
deux	266	331	227	0.14800000000002456	72	78	65	pA_I
prendre	251	309	222	0.3129999999999882	73	78	60	pA_I
le	216	222	199	0.18799999999998818	68	80	50	pA_I
thé	310	372	264	0.12000000000000455	69	78	51	pA_I
chez	531	681	296	0.15399999999999636	74	77	72	pA_I
les	277	296	266	0.09700000000003684	71	72	70	pA_I
sorcières	134	271	75	0.5910000000000082	64	71	48	pA_L
la	175	191	165	0.13400000000001455	71	74	54	pA_B
maman	179	224	156	0.2599999999999909	73	75	69	pA_I
trouva	261	719	172	0.3039999999999736	68	74	58	pA_I
cela	183	196	166	0.2909999999999968	68	72	54	pA_I
très	239	244	223	0.242999999999995	69	78	46	pA_I
agréable	168	223	78	0.7139999999999986	66	73	54	pA_L
la	202	204	200	0.125	74	83	53	pA_B
fille	507	742	360	0.20000000000004547	78	82	75	pA_I
et	294	382	238	0.1099999999999568	77	78	76	pA_I
la	219	238	199	0.10200000000003229	76	78	75	pA_I
mère	212	526	169	0.34499999999997044	69	77	50	pA_I
concoctèrent	259	323	194	0.63900000000001	64	80	46	pA_I
ensemble	235	293	169	0.4940000000000282	74	78	66	pA_I
une	176	214	166	0.16999999999995907	74	80	71	pA_I
horrible	222	257	178	0.5380000000000109	73	81	50	pA_I
potion	207	246	165	0.4230000000000018	76	82	61	pA_I
verdâtre	220	609	158	0.6000000000000227	70	80	49	pA_I
qui	267	278	243	0.13100000000002865	60	73	46	pA_I
leur	221	243	205	0.14299999999997226	69	75	57	pA_I
fit	173	183	156	0.2330000000000041	63	68	56	pA_I
retrousser	309	726	232	0.4490000000000123	66	76	51	pA_I
le	201	235	190	0.16800000000000637	73	74	71	pA_I
nez	229	374	186	0.2629999999999768	66	75	43	pA_I
et	184	195	177	0.08600000000001273	64	70	58	pA_I
se	176	188	165	0.23500000000001364	60	67	48	pA_I
tordre	258	329	197	0.3919999999999959	63	75	48	pA_I
de	187	197	169	0.15100000000001046	65	68	58	pA_I
rire	124	173	80	0.3019999999999641	57	61	45	pA_L
								
la	336	357	305	0.13100000000002865	73	81	58	pA_B
vie	375	392	342	0.11099999999999	76	80	69	pA_I
d'	392	423	360	0.08699999999998909	74	77	68	pA_I
une	392	423	360	0.08699999999998909	74	77	68	pA_I
sorcière	380	422	340	0.3190000000000168	70	76	62	pA_I
est	368	431	311	0.1560000000000059	76	79	71	pA_I
tout	330	376	298	0.09399999999999409	76	79	74	pA_I
de	315	327	303	0.06799999999998363	74	74	73	pA_I
même	294	311	229	0.15200000000004366	74	78	71	pA_I
bien	311	379	197	0.17699999999996407	80	85	71	pA_I
amusante	251	414	102	0.7909999999999968	74	80	61	pA_I
se	220	263	185	0.3109999999999786	62	74	50	pA_I
dit	210	221	183	0.146000000000015	64	68	57	pA_I
la	209	221	201	0.1150000000000091	72	74	68	pA_I
maman	196	212	186	0.4089999999999918	69	75	48	pA_L
								
ça	284	297	273	0.1290000000000191	58	68	49	pA_B
veut	266	273	261	0.09399999999999409	67	68	66	pA_I
dire	275	287	257	0.228999999999985	62	71	50	pA_I
quoi	333	364	299	0.285000000000025	69	73	55	pA_I
retrousser	229	650	119	0.5720000000000027	65	77	50	pA_I
des	246	248	241	0.12000000000000455	69	71	67	pA_I
nez	264	320	238	0.25399999999996226	66	71	53	pA_L
								
tu	NA	NA	NA	0.029999999999972715	48	49	47	pA_B
sais	255	255	254	0.08100000000001728	54	58	51	pA_I
pas	243	254	233	0.08099999999996044	63	66	59	pA_I
ce	NA	NA	NA	0.05700000000001637	59	61	57	pA_I
que	246	248	242	0.057999999999992724	61	67	57	pA_I
ça	230	242	221	0.03900000000004411	68	68	68	pA_I
veut	220	223	210	0.07099999999996953	67	68	67	pA_I
dire	242	285	207	0.10099999999999909	67	68	66	pA_I
retrousser	271	309	230	0.37400000000002365	59	68	48	pA_I
le	224	230	221	0.08099999999996044	67	67	66	pA_I
nez	248	316	221	0.24900000000002365	60	67	45	pA_L
c'	NA	NA	NA	0.16500000000002046	45	48	40	pA_B
est	NA	NA	NA	0.16500000000002046	45	48	40	pA_I
ça	226	233	214	0.16499999999996362	53	60	49	pA_I
retrousser	195	214	188	0.38900000000001	54	63	44	pA_I
le	96	97	95	0.09399999999999409	61	64	57	pA_I
nez	97	103	94	0.22400000000004638	60	64	47	pA_L
								
le	212	215	205	0.14699999999999136	64	68	50	pA_B
nez	217	226	210	0.1139999999999759	68	69	67	pA_I
il	225	230	209	0.08699999999998909	67	67	66	pA_I
remonte	207	213	201	0.3420000000000414	68	71	53	pA_L
								
c'	351	410	331	0.15899999999999181	70	74	58	pA_B
est	351	410	331	0.15899999999999181	70	74	58	pA_I
rigolo	301	346	240	0.9239999999999782	70	80	62	pA_L
								
retrousser	190	356	77	0.5470000000000255	61	75	46	pA_B
c'	315	322	311	0.2740000000000009	77	80	70	pA_I
est	315	322	311	0.2740000000000009	77	80	70	pA_I
aller	206	218	192	0.24399999999997135	64	66	61	pA_I
vers	206	218	192	0.18200000000001637	64	66	61	pA_I
le	206	210	201	0.11000000000001364	66	67	65	pA_I
haut	192	206	182	0.19599999999996953	61	67	48	pA_L
								
comme	243	386	104	0.2680000000000291	70	71	69	pA_B
des	243	386	104	0.14599999999995816	70	71	69	pA_I
cochons	170	216	92	0.4970000000000141	66	72	45	pA_L
								
oh	200	214	188	0.1290000000000191	66	69	58	pA_B
mieux	200	214	188	0.25099999999997635	66	69	58	pA_I
que	97	97	97	0.08300000000002683	52	60	47	pA_I
les	93	97	91	0.09899999999998954	54	62	47	pA_I
cochons	494	769	205	0.35599999999999454	55	64	46	pA_L
								
Marine	233	261	189	0.603999999999985	63	77	45	pA_B
je	233	261	189	0.2839999999999918	63	77	45	pA_I
t'	344	450	273	0.5509999999999877	71	80	47	pA_I
autorise	344	450	273	0.5509999999999877	71	80	47	pA_I
à	238	273	211	0.06999999999999318	78	80	74	pA_I
devenir	265	340	199	0.40500000000002956	69	75	61	pA_I
sorcière	245	732	177	0.63900000000001	68	74	48	pA_I
déclara	193	215	181	0.4159999999999968	64	71	50	pA_I
la	181	188	175	0.117999999999995	69	70	67	pA_I
maman	174	179	168	0.2969999999999686	64	69	48	pA_L
								
Marine	208	250	164	0.37299999999999045	70	73	57	pA_B
lui	194	214	186	0.08499999999997954	72	74	66	pA_I
sauta	238	265	217	0.3210000000000264	67	74	51	pA_I
au	206	229	188	0.13299999999998136	65	72	51	pA_I
cou	180	181	178	0.26900000000000546	55	64	49	pA_L
								
je	289	294	285	0.13100000000002865	64	76	49	pA_B
serai	333	356	285	0.24799999999999045	70	77	65	pA_I
encore	311	339	271	0.32900000000000773	70	77	51	pA_I
de	235	284	207	0.18000000000000682	61	71	46	pA_I
temps	359	381	347	0.1409999999999627	68	75	49	pA_I
en	278	347	208	0.20400000000000773	69	76	52	pA_I
temps	206	230	190	0.09899999999998954	70	75	63	pA_I
une	224	268	191	0.14100000000001955	71	74	64	pA_I
fée	243	277	229	0.29700000000002547	66	73	59	pA_I
promit	212	242	201	0.26499999999998636	69	73	57	pA_I
Marine	195	206	185	0.5049999999999955	67	73	46	pA_L
je	245	285	218	0.21399999999999864	66	78	48	pA_B
porterai	322	698	215	0.45400000000000773	70	80	51	pA_I
alors	203	220	189	0.3109999999999786	73	76	68	pA_I
une	184	191	181	0.11200000000002319	73	74	72	pA_I
jolie	182	202	172	0.25099999999997635	69	75	62	pA_I
robe	164	246	69	0.2689999999999486	68	72	61	pA_I
je	220	257	204	0.17700000000002092	70	75	66	pA_I
mangerai	207	213	190	0.3709999999999809	70	75	58	pA_I
proprement	330	700	240	0.5590000000000828	73	81	61	pA_I
et	227	230	222	0.12999999999999545	66	75	54	pA_I
me	238	250	227	0.12599999999997635	73	75	66	pA_I
servirai	280	302	255	0.58299999999997	71	78	63	pA_I
de	255	298	225	0.12200000000007094	68	71	64	pA_I
ma	220	226	198	0.1209999999999809	72	74	71	pA_I
baguette	213	265	113	0.3569999999999709	69	77	55	pA_I
magique	238	277	201	0.55499999999995	61	72	49	pA_L
								
voilà	349	408	244	0.28300000000001546	70	79	53	pA_B
qui	319	337	300	0.1430000000000291	65	77	56	pA_I
est	239	300	176	0.13400000000001455	75	78	69	pA_I
bien	179	233	164	0.28899999999998727	68	72	57	pA_I
dit	199	214	185	0.16200000000003456	69	72	55	pA_I
la	196	203	189	0.12000000000000455	72	73	71	pA_I
maman	185	206	179	0.36599999999998545	68	75	47	pA_I
amusée	179	193	166	0.5489999999999782	64	72	44	pA_L
								
mais	227	236	214	0.35200000000008913	70	75	53	pA_B
pour	251	256	245	0.15699999999992542	71	77	57	pA_I
le	246	256	232	0.09600000000000364	73	75	71	pA_I
moment	237	305	209	0.35800000000006094	70	74	63	pA_I
je	269	294	255	0.1169999999999618	65	71	61	pA_I
suis	312	353	256	0.18299999999999272	70	72	64	pA_I
une	339	386	320	0.14599999999995816	68	69	64	pA_I
sorcière	321	729	251	0.6920000000000073	66	74	48	pA_I
claironna	213	256	197	0.4270000000000209	62	71	49	pA_I
Marine	197	205	188	0.48900000000003274	66	72	47	pA_L
								
elle	179	216	163	0.1410000000000764	69	73	59	pA_B
attrapa	241	307	161	0.38599999999996726	69	79	49	pA_I
son	443	711	314	0.17200000000002547	73	77	70	pA_I
balai	222	314	194	0.3269999999999982	71	78	52	pA_I
et	175	190	153	0.12999999999999545	66	75	48	pA_I
disparut	209	259	177	0.5019999999999527	70	79	54	pA_I
en	326	342	293	0.1349999999999909	70	74	51	pA_I
riant	253	416	210	0.47300000000007003	67	78	49	pA_I
entre	423	577	333	0.2799999999999727	72	79	48	pA_I
les	252	333	200	0.12999999999999545	76	77	74	pA_I
arbres	172	200	158	0.47100000000000364	62	72	48	pA_L
et	270	280	243	0.1169999999999618	76	82	63	pA_B
il	275	285	267	0.11599999999998545	77	80	74	pA_I
en	284	288	278	0.07900000000006457	77	79	75	pA_I
est	289	296	278	0.1490000000000009	73	78	64	pA_I
toujours	325	347	291	0.36000000000001364	74	80	55	pA_I
ainsi	298	304	286	0.2879999999998972	75	79	72	pA_I
aujourd'	229	300	182	0.8170000000000073	67	78	52	pA_I
hui	229	300	182	0.8170000000000073	67	78	52	pA_L
parfois	294	319	260	0.35000000000002274	75	83	53	pA_B
Marine	280	314	251	0.3000000000000682	75	78	68	pA_I
est	238	253	210	0.08399999999994634	71	76	59	pA_I
une	229	235	214	0.20600000000001728	70	77	58	pA_I
fée	253	441	203	0.3550000000000182	69	77	51	pA_I
elle	247	256	241	0.12000000000000455	75	79	63	pA_I
enfile	288	330	256	0.2719999999999345	72	77	67	pA_I
une	282	300	249	0.15399999999999636	73	74	71	pA_I
robe	252	262	244	0.16200000000003456	74	81	63	pA_I
de	255	266	242	0.13599999999996726	71	78	59	pA_I
fête	297	608	230	0.42000000000007276	68	77	52	pA_I
agite	267	310	233	0.2999999999999545	70	80	51	pA_I
sa	264	298	234	0.12800000000004275	75	78	72	pA_I
baguette	209	268	181	0.39400000000000546	70	77	54	pA_I
et	193	253	161	0.08199999999999363	72	76	67	pA_I
dort	205	244	152	0.2400000000000091	73	80	61	pA_I
dans	197	240	180	0.125	72	76	66	pA_I
le	184	190	179	0.1069999999999709	74	76	73	pA_I
château	321	709	210	0.4779999999999518	68	78	48	pA_I
aux	184	200	173	0.14600000000007185	66	75	50	pA_I
tours	363	736	242	0.2039999999999509	70	77	53	pA_I
dorées	191	242	159	0.34799999999995634	69	76	58	pA_L
parfois	269	666	151	0.3649999999998954	72	80	61	pA_B
elle	195	244	159	0.09400000000005093	75	80	70	pA_I
est	160	162	158	0.07799999999997453	65	69	59	pA_I
une	137	167	76	0.17700000000002092	64	69	55	pA_I
sorcière	251	726	79	0.6749999999999545	70	77	57	pA_I
elle	190	201	181	0.15300000000002	71	78	56	pA_I
habite	187	235	169	0.2740000000000009	71	77	57	pA_I
alors	218	244	189	0.2380000000000564	77	80	73	pA_I
dans	177	226	162	0.13599999999996726	71	73	68	pA_I
le	162	166	154	0.17700000000002092	71	74	66	pA_I
bois	212	241	154	0.2279999999999518	78	81	69	pA_I
et	174	198	166	0.09100000000000819	75	77	73	pA_I
vole	196	226	163	0.21100000000001273	73	79	67	pA_I
sur	190	200	183	0.11000000000001364	69	71	67	pA_I
son	179	202	164	0.17999999999994998	70	74	64	pA_I
balai	176	202	146	0.3570000000000846	70	77	53	pA_L
ces	242	247	226	0.16800000000000637	69	79	54	pA_B
jours	203	226	180	0.19099999999991724	74	77	72	pA_I
là	220	543	179	0.15200000000004366	75	76	74	pA_I
sa	343	514	231	0.12999999999999545	73	76	69	pA_I
maman	195	231	172	0.3129999999999882	74	77	71	pA_I
vient	194	220	179	0.18799999999998818	71	76	63	pA_I
la	204	209	196	0.11000000000001364	75	76	74	pA_I
rejoindre	182	213	159	0.5539999999999736	71	77	57	pA_I
pour	184	193	175	0.16899999999998272	70	78	57	pA_I
dormir	188	219	167	0.40000000000009095	67	73	59	pA_I
dans	188	209	180	0.125	65	67	63	pA_I
la	184	190	180	0.10999999999989996	63	65	58	pA_I
cabane	117	206	67	0.52800000000002	58	65	49	pA_L
la	215	225	204	0.17700000000002092	70	78	47	pA_B
maman	227	245	209	0.2800000000000864	76	78	73	pA_I
adore	220	244	184	0.26299999999991996	71	76	59	pA_I
sa	257	693	224	0.1750000000000682	70	77	64	pA_I
fille	323	758	163	0.45899999999994634	64	72	51	pA_I
et	195	199	189	0.09300000000007458	71	76	61	pA_I
la	187	192	182	0.14599999999995816	74	75	73	pA_I
fille	341	643	210	0.27899999999999636	71	76	63	pA_I
adore	182	220	76	0.31100000000003547	68	74	59	pA_I
sa	270	750	164	0.18099999999992633	66	71	58	pA_I
maman	169	187	149	0.31500000000005457	66	71	51	pA_L
Marine	278	311	228	0.3970000000000482	71	78	60	pA_B
n'	230	272	214	0.14400000000000546	74	75	71	pA_I
est	230	272	214	0.14400000000000546	74	75	71	pA_I
ni	282	330	223	0.12999999999999545	72	75	68	pA_I
vraiment	274	324	261	0.3300000000000409	72	76	67	pA_I
fée	305	365	233	0.3569999999999709	66	74	58	pA_I
ni	275	394	231	0.1129999999999427	71	72	69	pA_I
tout	401	443	384	0.1610000000000582	68	75	58	pA_I
à	360	398	332	0.12199999999995725	71	77	62	pA_I
fait	471	695	300	0.11599999999998545	72	76	65	pA_I
sorcière	200	308	166	0.5630000000001019	66	74	50	pA_L
c'	232	257	207	0.2580000000000382	65	75	49	pA_B
est	232	257	207	0.2580000000000382	65	75	49	pA_I
une	248	265	240	0.1330000000000382	73	75	67	pA_I
fée	274	308	240	0.20899999999994634	72	79	66	pA_I
sorcière	272	713	192	0.58400000000006	70	77	56	pA_I
une	227	234	212	0.17200000000002547	75	81	56	pA_I
fée	333	392	218	0.17200000000002547	73	77	69	pA_I
sorcière	289	399	210	0.5399999999999636	63	75	49	pA_I
très	323	350	284	0.24300000000005184	64	71	52	pA_I
heureuse	184	284	108	0.3650000000000091	62	69	49	pA_L
								
et	290	297	273	0.1349999999999909	77	82	63	pA_B
voilà	262	480	154	0.33799999999996544	67	75	58	pA_I
c'	370	690	263	0.40399999999999636	66	83	58	pA_I
est	370	690	263	0.40399999999999636	66	83	58	pA_I
fini	365	728	89	0.3429999999999609	62	68	58	pA_L
								
et	309	365	156	0.1290000000000191	64	68	58	pA_B
voilà	198	272	118	0.3229999999999791	66	69	54	pA_I
c'	379	523	353	0.21600000000000819	64	72	55	pA_I
est	379	523	353	0.21600000000000819	64	72	55	pA_I
fini	340	584	260	0.41800000000000637	65	72	58	pA_L
c'	388	405	367	0.18399999999996908	70	78	56	pA_B
est	388	405	367	0.18399999999996908	70	78	56	pA_I
fini	413	586	377	0.6410000000000764	73	81	57	pA_L
								
okay	549	551	548	0.5480000000000018	61	63	57	pA_B
j'	719	743	696	0.6000000000000227	60	62	57	pA_I
arrive	719	743	696	0.6000000000000227	60	62	57	pA_L
								
c'	678	697	605	0.1370000000000573	60	66	55	pA_B
était	678	697	605	0.1370000000000573	60	66	55	pA_I
un	194	229	168	0.1169999999999618	71	76	60	pA_I
peu	255	292	226	0.12599999999997635	69	76	55	pA_I
long	380	424	292	0.15600000000006276	72	74	68	pA_I
hein	274	346	244	0.23599999999999	65	75	51	pA_L
								
non	NA	NA	NA	0.28099999999994907	55	57	53	pA_B
allez	NA	NA	NA	0.30499999999995	56	57	54	pA_L
								
non	233	250	208	0.16700000000003	63	69	54	pA_B
c'	233	250	217	0.3089999999999691	58	63	52	pA_I
était	233	250	217	0.3089999999999691	58	63	52	pA_I
pas	230	232	224	0.09100000000000819	64	70	54	pA_I
trop	233	246	212	0.1330000000000382	59	67	53	pA_I
long	261	289	235	0.21600000000000819	62	71	49	pA_L
								
alors	NA	NA	NA	0.37999999999999545	52	58	45	pA_U
